Axe_X,Axe_Y,Name
-0.10585367298985013,0.17150687170815282,	Onyx 
-0.2908012397557107,-0.017191913346991043, Samir Loussif 
-0.1198802627104488,0.19618961794472436, zero (personnage de jeu)
-0.12011222832140121,-0.050220751718267384,123
-0.2908012397557107,-0.017191913346991043,A rien lol
0.1274896907076336,-0.056638357704134994,aa
0.009527839177540262,-0.09353437756331023,Abe Shinzo 
-0.2844000006312947,-0.016423829493927573,Abel 
0.26394147786897265,-0.20432944114751214,Abel Jabri
-0.03955151893461478,-0.1761226150073552,Abel Jabri (apiculteur de l'INSA)
-0.2908012397557107,-0.017191913346991043,Abigail Marston 
-0.09477498279246747,0.28315700985601694,Abraracourcix
0.2973390930049119,0.2804134572365897,Actarus
0.0008383667147857204,-0.16179340205428763,Ada Lovelace (comtesse brittanique programmeuse)
-0.035524103889935196,-0.14711617505745986,Adam Ondra
0.14085991070433476,-0.15406434688737033,Adele
0.42747391978303617,-0.0021702195300757027,AdÃƒÂ©mar Prothon (ÃƒÂ©tudiant INSA)
0.1301185146415263,0.32877445206618666,Adibou
0.5869531030067277,0.10774366895763703,Adolf Hitler
-0.07844629523916893,0.23534554110586833,Aelita Stones 
0.06281135924828457,0.2668226781720287,Agent 47
-0.2908012397557107,-0.017191913346991043,Ahmed Chawki 
-0.2908012397557107,-0.017191913346991043,Ahmed mansour 
-0.06117512236456282,0.1625675245226311,Ahri (jeu League of Legends)
-0.0525376543132407,-0.09940133615884646,AimÃƒÂ© CÃƒÂ©saire (ÃƒÂ©crivain)
-0.2908012397557107,-0.017191913346991043,Aissa Mandi	 
-0.0029229589672896024,-0.10035410763406112,Aja Naomi King (actrice amÃƒÂ©ricaine)
0.4093026988401047,0.3411021375767677,Akinator
-0.082111718094596,-0.06768316893199143,Al Capone (gangster amÃƒÂ©ricain)
-0.009607061125301568,-0.08009845287789771,Al-Khwarizmi (mathÃƒÂ©maticien arabe du 10e siÃƒÂ¨cle)
0.48236354447829166,0.3260678545533439,Aladdin
0.3327082893716026,-0.23099325573803467,Alain Delon
0.01040614706812025,-0.22381136295068305,Alain JuppÃƒÂ©
0.20219224255037782,-0.2454191562209234,Alain Le Boulch
0.35296610752385743,-0.21623019976368724,Alain Prost
0.18007473951480601,-0.2426317228843431,Alain Soral (Essayiste)
0.352406587506916,-0.06081490819487205,Alan Turing
0.0288117722466001,-0.15762603699352842,Alan Walker (DJ  britannico-norvÃƒÂ©gien)
-0.14081765399045382,0.2411479391030043,Albator
-0.045951630209523545,-0.17283403633703595,Albert Camus
0.6301547930213749,0.16011245795334364,Albert Einstein
-0.02644663080686547,-0.16900003380146392,Albert Jacquard (biologiste franÃƒÂ§ais)
-0.06704656761877338,0.15799228065007845,Albus Dumbledore (personnage de Harry Potter)
-0.10601762580764451,0.16380631681222924,Alduin (personnage de Skyrim)
-0.27130281836284126,-0.023328053244556387,Aleister Crowley 
-0.08707661751547378,0.17451757358394607,Alex (Totally Spies)
-0.020316741830654683,-0.19254946736251843,Alex Keryhuel (ÃƒÂ©tudiant INSA)
-0.0031118860341267885,-0.1545392974731664,Alex Thompson
-0.08253948378942752,0.1489117738504693,Alex Vaus (Personnage de serie TV:Orange is the new black)
-0.022514749753773725,-0.21200411315016596,Alexandre Benalla
-0.0022679651724061547,-0.14871172621941078,Alexandre Lacazette
0.2813347341762711,-0.06896517211972887,Alexandre le Grand 
-0.009573430406749876,-0.1346901228027073,Alfred Hitchcock
-0.08903325425515808,0.16906468162893984,Alice (du livre Alice au pays des merveilles)
-0.04318780432985257,-0.1293924664098099,allison pineau (joueuse de handball)
-0.05699090743314292,0.2361925259909259,Aloy (Horizon : zero dawn)
0.1265340243138726,-0.09890409819741497,alphonse MarÃƒÂ§ay
-0.10663226380787284,0.2344805695328501,Altair
-0.2908012397557107,-0.017191913346991043,Amadou Toumani TourÃƒÂ© 
-0.029470271205454188,-0.06182411297528634,Amaterasu (dÃƒÂ©esse japonaise du soleil)
-0.2908012397557107,-0.017191913346991043,Amaterasu Okami 
-0.02235631471461668,-0.11509662073687532,Ambroise ParÃƒÂ©
0.054435315697352396,-0.15458338682150827,Amelia Earhart
-0.003844105174385018,-0.13864314537204064,AmÃƒÂ©lie Mauresmo
0.23636369200393664,-0.15598926642350996,Amine Harit (footballeur)
-0.2908012397557107,-0.017191913346991043,Amiral Yamamoto 
-0.2835811314400159,-0.015573116512392004,Amy Reid 
0.21371972940081888,0.38558561248046275,Anakin Skywalker
-0.04956332711611773,-0.14594747643853062,AndrÃƒÂ© Malraux
-0.2908012397557107,-0.017191913346991043,AndrÃƒÂ© Mathevet 
-0.2908012397557107,-0.017191913346991043,Andrew Martin 
-0.0950521003036891,0.23165228720867767,Andrew Wiggins (personnage livre)
-0.11279713225389001,0.17288174577128007,Anduin Wrynn
-0.2908012397557107,-0.017191913346991043,Andy 
-0.008873024528082406,-0.09604173526812303,Andy Serkis (acteur brittanique)
0.43241107987868044,-0.12991641005895446,Angela Merkel
-0.00022473399245097873,-0.07880752630573569,Angelina Jolie (actrice)
-0.2908012397557107,-0.017191913346991043,Anissa 
0.2180385989454589,-0.1489108912551025,Anne de Bretagne
-0.27251884113010244,-0.013248385536136026,Anne Hidalgo 
0.10992342455687537,-0.20952579164354948,Annie Cordy
-0.27220869527652164,-0.015221531575041525,Ant-man 
-0.12291649735402649,0.25170874586452696,Ant-man (super hÃƒÂ©ros Marvel)
-0.01180764536887341,-0.16797013998852717,Anthony Cornet (rameur barreur franÃƒÂ§ais)
-0.2908012397557107,-0.017191913346991043,Anti-venom 
0.01989958883268719,-0.19777653940436934,Antoine Albeau (sportif (planche ÃƒÂ  voile) francais le plus titrÃƒÂ© 
-0.2908012397557107,-0.017191913346991043,Antoine Barrier 
0.18371238856765548,-0.19413569103396847,Antoine Daniel (vidÃƒÂ©aste web)
0.3894976110215403,-0.1662111249161045,Antoine de Caunes 
0.4586710006129475,-0.018473233116030104,Antoine Griezmann (Footballeur franÃƒÂ§ais)
0.3376345968639023,-0.14205061201920446,Antonin Fleury
-0.29063949600517475,-0.01715679777238185,Apu Nahasapeemapetilon 
-0.27481350110880065,0.01604190867491015,Aquarius 
0.03319960020205806,0.352772530437837,Aragorn (Le Seigneur des Anneaux)
-0.09458987215762542,0.22946740187435247,ArÃƒÂ¨s (dieu grec de la guerre)
-0.03821956591679561,-0.13202794450889307,Ariana Grande (chanteuse amÃƒÂ©ricaine)
-0.09354539394000352,0.15121490758618827,Ariane
0.055185842544245654,0.2430247336939341,Ariel
0.2834675019409689,-0.13174633656140683,Armel Le ClÃƒÂ©ac'h
0.3444197619184234,-0.10694069364746306,Arnold Schwarzenegger
-0.14025237908339633,0.16257265841857846,Artemis (dÃƒÂ©esse grecque)
-0.10597702852665103,0.2246483116292779,Arthas (Roi-Liche de Warcraft)
0.012853899667677086,0.22201109223967302,Arthur Morgan (personnage de Red dead Redemption 2)
-0.017318594098031874,0.31301759678598634,Arya Stark
0.21731244792999327,-0.13440033062971704,Asa Akira
-0.09811470359986003,0.27306117070046765,Ashitaka (personnaage film d'animation)
-0.2908012397557107,-0.017191913346991043,Ashura ÃƒÂ”tsutsuki 
-0.2908012397557107,-0.017191913346991043,Aspicot (pokemon)  
0.5726707695794907,0.2777644146786695,AstÃƒÂ©rix (personnage de BD)
-0.06199599002387973,0.15913150857903582,Asuna (Sword Art Online)
-0.2908012397557107,-0.017191913346991043,Atomic Betty 
-0.07391154747605916,-0.0628567809168079,Attila (roi de huns)
0.005793103492986545,-0.13401655818182787,August Ames (rip)
0.00728825553121611,-0.20700702283303257,Augustin Louis Cauchy (mathÃƒÂ©maticien franÃƒÂ§ais)
-0.04070872977604146,-0.17122227811094187,Axl Rose (chanteur de Guns N' Roses)
-0.2908012397557107,-0.017191913346991043,Axoloto 
0.0021850669454170596,-0.1088224697099168,Aya Nakamura (chanteuse)
-0.2908012397557107,-0.017191913346991043,Ayano Kannagi 
-0.002941339299041859,-0.12746181322069294,B2O le duc de Boulogne
-0.00502529945270561,0.23792278056440502,Babar (ÃƒÂ©lÃƒÂ©phant de dessin animÃƒÂ©)
-0.2731785341614566,-0.01512110133469132,Bahamut 
0.09408638187313666,0.18602328643263585,Balthazar Picsou 
-0.2908012397557107,-0.017191913346991043,Balthazar/Cole Turner 
-0.034807731818561054,-0.15953702903587547,Banksy (artiste brittanique)
0.6419108923694121,0.15541824425348083,Barack Obama
-0.12335668992085211,0.161817658912949,Barbapapa
-0.07842503492566667,0.1819184637059271,Bart
0.06279830096555827,0.21910899759741467,Bart Simpson
0.5217962516908345,0.2919567689505328,Batman
-0.2908012397557107,-0.017191913346991043,Baxter Stockman 
-0.11498153735609479,0.21951140546601744,Bellatrix Lestrange (perso de Harry Potter)
0.0585353941984358,0.2560810331616691,Belle (La Belle et la BÃƒÂªte)
-0.27741767818759483,-0.002316385164088041,Belle et SÃƒÂ©bastien
-0.2793900340428967,-0.002778357184363994,Belphegor 
-0.01670496407355853,-0.09971843288467709,Benedict Cumberbatch
0.05348995358852834,-0.14123685696943983,Benjamin Franklin
0.1414495485765933,-0.16904690949722964,Benyamin Netanyahou (premier ministre IsraÃƒÂ«l))
0.007153935621633913,-0.21352704626774696,Bernard Hinault (cycliste franÃƒÂ§ais)
-0.008784391023716646,-0.19464324825926269,Bernard Minet (Chanteur)
0.5376432765916797,-0.06219824882560497,Bernard-Henry LÃƒÂ©vy (philosophe imposteur)
0.015537546151971953,-0.1866947235599803,Betrand Cantat
0.3859829095094882,-0.06000088661498026,BeyoncÃƒÂ©
-0.012380456871530995,-0.12108234116252492,Bilal Hassani (chanteur franÃƒÂ§ais)
-0.095814290285017,0.18976234985649965,Bilbon Saquet (hobbit)
-0.0410288132548123,-0.15594839168611996,Bill Clinton (42e prÃƒÂ©sident amÃƒÂ©ricain)
0.1827402684852332,-0.18343864336334748,Bill Gates
0.4377964785367932,-0.14464900036902856,Bill Gates (Fondateur de Microsoft)
-0.10225932681038076,0.24886080383068168,Black Panther (super hÃƒÂ©ros Marvel)
-0.2908012397557107,-0.017191913346991043,Black Star 
-0.0662875548641047,0.13830716248153324,Blair Waldorf (sÃƒÂ©rie TV: Gossip Girl)
-0.037714360215894076,-0.1738664569082639,Blaise Pascal
0.15196407820244914,0.31815242657741694,Blanche Neige 
0.06268124621127315,0.17570479687442445,Blondin (le bon la brute et le truand)
0.3022912559141081,0.3158344370108504,Bob l'ÃƒÂ©ponge (personnage de dessin animÃƒÂ©)
-0.06611183203705391,0.20710905899492763,Bob le Bricoleur
0.21798039986447992,-0.15517655562075564,Bob Lennon (vidÃƒÂ©aste franÃƒÂ§ais)
0.5221734562183624,-0.011520938493618084,Bob Marley
-0.12469574562721475,0.12337471523295049,Boga (perso animalier de Star Wars)
0.12871979049293217,-0.13606905008512865,Bonno (Chanteur de U2)
0.10840984097090124,-0.13277810868548132,Booba 
-0.07754648779801218,-0.12740207532918735,Bouna Sarr
-0.13062482520735993,0.1107171245841175,Bowser (jeu vidÃƒÂ©o Mario)
-0.11341336509912883,0.1872538329464006,Bowser Jr. (jeu vidÃƒÂ©o Mario)
-0.09712776794827069,0.23650912897234055,Bowsette (hybride Peach & Bowser)
0.2584301057327135,-0.1830118607226474,Brad Pitt
-0.042077723984817836,0.1752010342247284,Brice de Nice
-0.2824648173514544,-0.016103406712259852,Brienne de Torth 
0.04360203093410862,-0.2101364508266561,Brigitte Bardot
0.05767006762341731,-0.2218844458033921,Brigitte Macron
-0.10178840839960565,0.1696426769355515,Broly (manga dragon ball)
-0.015398943807352154,-0.1355728655258746,Bruce Lee
-0.09115625119383687,0.16129207830508108,Bruce Wayne (Batman)
0.005531942753128527,-0.13168877728981293,Bruce Willis
-0.2908012397557107,-0.017191913346991043,Bruno Senna 
-0.011786773669827635,0.21918219125023689,Bulbizarre (pokemon)
-0.0859180342965483,0.21407993086094218,C3PO 
-0.03781756822105693,-0.1894247815172258,Caballero (rappeur)
-0.076042162948134,0.1453533238317009,Caca (dÃƒÂ©esse romaine du foyer et du feu) 
-0.28042121398658104,-0.014304016383967872,Caca bouda 
-0.10236845808497703,0.15811046905299822,CaÃƒÂ¯n (premier fils d'Adam et Eve)
-0.2908012397557107,-0.017191913346991043,Cait Sith 
-0.1005983686140633,0.13735597108849723,CalimÃƒÂ©ro 
-0.00919170754979642,-0.15351352373404448,Cam Newton (joueur amÃƒÂ©ricain de football amÃƒÂ©ricain)
0.001625822212461946,-0.18089198022727368,Camille Claudel
0.033503545647375024,0.3138521117583534,Candy
-0.10311261583477137,0.19060376207798335,Capitaine Flam (personnage dessins animÃƒÂ©s)
0.06350590978597194,0.2652356159359757,Capitaine Haddock
0.2701064013547781,0.23841606573662788,Captain America 
-0.0921328079150094,0.15834135446256498,Carl ( personnage de The walking dead )
-0.038141906494778166,-0.15489580214830595,Carl Lewis (athlÃƒÂ¨te amÃƒÂ©ricain)
0.023614996064205234,-0.11484281208827242,Carl Sagan (scientifique amÃƒÂ©ricain)
-0.06888337033534639,-0.07989214858680031,Carlos (Tirelipimpon)
0.16904322502170996,-0.25010753950986914,Carlos Ghosn
0.011021460766120771,-0.17985437021014508,Caroline Aigle (pilote de chasse)
-0.2908012397557107,-0.017191913346991043,Caroline Channing 
-0.03954995431180243,-0.07644951066769405,Carrie Fisher (Actrice de Leia)
-0.10266451010012838,0.21392840513848377,cars (personnage voiture dessin animÃƒÂ©)
-0.26044598169246513,-0.023366601354391107,Cartman 
-0.052516814720513526,0.13382551344290217,Cartman (Personnage de South park)
0.37606441940717356,0.2641760305320974,Casimir (personnage de vieux dessin animÃƒÂ©)
-0.025850414156005194,0.09163080921159703,Casper
-0.2908012397557107,-0.017191913346991043,Casquette 
0.025216158331244222,0.24271301344516874,Castiel
-0.008749186432171804,-0.11822054549031522,Catherine de Medicis
-0.023378071339464856,-0.07007201873703595,Cauchy (scientifique)
-0.2908012397557107,-0.017191913346991043,CÃƒÂ©dric Barbosa 
-0.2908012397557107,-0.017191913346991043,CÃƒÂ©dric OrlÃƒÂ©ans 
0.43264839216543194,-0.1852154366917596,CÃƒÂ©dric Villani
0.4190166299129648,-0.12755251330426323,CÃƒÂ©line Dion
0.013733189603902561,-0.20538873303423613,CÃƒÂ©line Dumerc 
-0.09962736627603418,0.18701867757533672,Celty Sturluson (Manga Durarara!!)
0.19568039993444486,0.3364808612134958,Cendrillon 
-0.10426161948845851,0.21846451917483156,Cercei Lannister
0.3011208565827096,0.21974920666321224,cet ordinateur
-0.05836563507191002,0.18432414681676948,Chandler Bing (sÃƒÂ©rie tv friends)
-0.06700214986310979,0.23226343720973164,Chandra NalaÃƒÂ r
0.4969076391080301,-0.006175175746497485,Charlemagne
-0.03371280338634927,-0.1478680920584516,Charles aznavour
-0.025972297998483426,-0.21104771481059761,Charles Cornet (prof. INSA)
0.09903373640597755,-0.16408592169781158,Charles Darwin
0.6325908959118406,0.0828946811374427,Charles de Gaulle 
0.04067301195181799,-0.12911459685327456,Charles Martel (ArriÃƒÂ¨re grand pÃƒÂ¨re de Charlemagne)
0.0003914906594240968,-0.14856580806949315,Charles Maurras (intellectuel franÃƒÂ§ais)
-0.2793900340428967,-0.002778357184363994,Charles Montgomery (Monty) Burns 
-0.04337286480517091,-0.07010561630473496,Charles Spencer Chaplin
0.10892309674749628,-0.1659429518094141,Charlie Chaplin
0.019152996504488304,-0.14516773086329848,Charlotte Bronte (ecrivain anglaise)
0.12406655625252115,-0.16276037444391697,Charlotte Richard
0.1264206117497424,-0.08416605238175126,Che Guevara
-0.036529688364489846,-0.09696973303062847,Cheikh Ndoye
0.10048045428666666,-0.026837274431371523,Chester Bennington (chanteur Linkin Park)
-0.08777956627808979,-0.13446617635390154,chevalier de Saint-George (escrimeur et musicien franÃƒÂ§ais)
0.02500538515366363,0.30449772902081507,Chewbacca
-0.2908012397557107,-0.017191913346991043,Chien 
-0.10028991191081829,0.15592749700042516,Chiiro
-0.2908012397557107,-0.017191913346991043,Chilled (Dragon Ball)
-0.008870479755652045,-0.1732030979965383,Chopin
0.009212241408405705,-0.21634810731342496,Christian Fazzino (pÃƒÂ©tanqueur)
0.509113287532002,-0.05079670423873812,Christian Raymond (prof. INSA)
0.2806322205531727,-0.13345524333689426,Christian Taubira (femme politique)
0.2512108917655339,-0.21476482761002533,Christophe MaÃƒÂ©
0.012866856834671161,-0.1563518246189803,Christopher Froome (cycliste)
0.19278364460381914,-0.16747469737811926,Christopher Nolan (rÃƒÂ©alisateur britanno-amÃƒÂ©ricain)
0.06164509728422461,0.15559634789353238,Chuck Bartowski 
0.5011914428479448,-0.0252825109772716,Chuck Norris
-0.025505992586092565,0.23024427220604335,Chun-Li (jeu vidÃƒÂ©o Steet-Fighter)
-0.04983127899276187,-0.0636954769660325,CicÃƒÂ©ron (consul Romain)
-0.2908012397557107,-0.017191913346991043,Clara Alonso 
0.1750441926061184,-0.2269624508559251,Clara Morgane (Actrice)
-0.028700627199186042,0.1268505249987896,Clara Oswald (personnage de Doctor Who)
0.13148379116377512,-0.17641678313354806,Claude FranÃƒÂ§ois
0.009136530981266827,-0.21390342213878288,ClÃƒÂ©ment Aycard (majorant)
0.20943424816631467,-0.07720618455415519,cleopatre
0.2512065018352889,-0.053383334511912434,Clint Eastwood
0.08011772189482735,-0.13438432523059582,Clovis (roi des francs saliens)
0.3093294252010471,-0.05333281884825783,Coluche
-0.2908012397557107,-0.017191913346991043,Commando Clone 
-0.0816243129599066,0.21748300393350067,Corvo Attano 
-0.2908012397557107,-0.017191913346991043,Corvus 
-0.2880806790854008,-0.016563201543000207,Cranky Kong 
-0.09532662921970211,0.24676919117754842,Crash Bandicoot
0.5233068499118151,0.0009829803928151427,Cristiano Ronaldo 
-0.2908012397557107,-0.017191913346991043,Croutard 
-0.2908012397557107,-0.017191913346991043,Cthulhu 
-0.06268577654119133,0.1761770323524699,Curly Brace
-0.08464127149850349,0.27481656076970734,Cyclope (personnage des X-Men)
0.24360626847080077,-0.1558096666456588,cyprien
0.4010297566917853,-0.14093201180714918,Cyprien Iov
-0.2618960529027101,-0.044850344255936314,Cyril Dumoulin 
0.2204430896640238,-0.22629353804145272,Cyril Hanouna
-0.003316407823936834,-0.139598055720806,d
-0.28315531564268454,-0.015707127039932513,Daario Naharis 
-0.01136631331484372,0.327862795828395,Daenerys Targaryen (Game of throne)
-0.06370211468700782,0.19113875206717293,Daiki Aomine (personnage de manga)
-0.04219122929659923,-0.0687018622874974,DalaÃƒÂ¯-lama
0.1071085849140406,0.04834821778364381,Dalida (chanteuse franbÃƒÂ§aise)
-0.046181682647470704,-0.1928245326491689,Damien Chazelle (rÃƒÂ©alisateur)
-0.2908012397557107,-0.017191913346991043,Damon Hill 
-0.013110792698608032,-0.14693932385119785,Damso (William Kalubi rappeur)
-0.06395986608997065,0.11435762424592091,Daniel Bryan (catcheur wwe)
0.04874830326428313,-0.181946885788541,Daniel Narcisse
-0.009973593072405165,-0.12476659987776977,Daniel Narcisse (Joueur de handball franÃƒÂ§ais)
0.12944565179266335,-0.11845937332670628,Daniel Radcliffe
0.2420564518610953,-0.1878252628102162,Danielle Quichaud
-0.007328830792697981,-0.19372232357962035,Daniil le Russe (youtubeur)
0.03985534902720974,-0.23778523218138475,dany boon
-0.2908012397557107,-0.017191913346991043,Dark Krayt 
0.5703192754137033,0.23588047313430055,Dark Vador
0.10085946882986804,-0.08433883739373842,darwin
0.07183182101735194,-0.16683819258349308,David Beckham
0.019958745119260927,-0.20687419442732408,David Belle (sportif acteur franÃƒÂ§ais)
0.40291917775145547,-0.06957182233972466,David Bowie
-0.023611637278139294,-0.16018415401102748,David Copperfield (Magicien)
0.0077977234287967935,-0.22017294597067205,David Douillet (judoka franÃƒÂ§ais)
-0.020053837848124333,-0.18139482751302172,David Fincher (RÃƒÂ©alisateur)
-0.004180829474908684,-0.15192341130487716,David Gilmour
0.3062261892142015,-0.21805411427904994,David Guetta
0.0012905468917488432,-0.2022840359256109,david halliday
0.012127509142231105,-0.2154143054883195,David Pujadas (prÃƒÂ©sentateur France 2)
0.021206214370633615,-0.20533023924908536,DAVID SKRELA
0.41179809844045684,-0.1318164078282598,David Tennant 
-0.027783351269362183,-0.1906787481266995,DavidLaFargePokÃƒÂ©mon (youtubeur)
0.024829304807393798,-0.16255695235042958,De niro (acteur)
-0.06518740898042734,0.1594050740189061,Dean
-0.08802455505651693,0.15249241473458952,Dean (personnage de Supernatural)
-0.08441489569123596,0.1611049728994327,Deathstroke (Slade Wilson dans DC comics)
-0.2908012397557107,-0.017191913346991043,Deliora 
-0.0813301729667263,0.20849794690379558,DÃƒÂ©tective Conan
-0.2908012397557107,-0.017191913346991043,Devin Weston 
0.11549094191048351,0.3312973579352378,DevINSA
0.03399907768245689,0.2267673549305104,Dexter Morgan
-0.2908012397557107,-0.017191913346991043,Dialga 
-0.2908012397557107,-0.017191913346991043,Diana Bishop 
-0.2908012397557107,-0.017191913346991043,DianthÃƒÂ©a 
0.46427990155784765,-0.0919888453431275,Didier Deschamps
-0.02582102837242518,-0.1731661936392549,Didier Drogba (footballeur Ivoirien)
0.3594733021414126,0.20834630367063067,Dieu 
0.4787175773294444,-0.028023172201310023,DieudonnÃƒÂ© (humoriste)
-0.0059011802583050655,-0.14140338289666718,Dimitri Payet
-0.10915461244048513,0.20809608584025957,Dingo (ami de mickey)
-0.160452201218332,0.19342616580126115,Dio Brando (JoJo Bizarre Adventure)
0.0009122627146816675,-0.20546316052081126,Dj Snake (Dj)
-0.0029974666679154684,-0.13690812442276185,Dmitri MendeleÃƒÂ¯ev (chimiste russe)
-0.09245227948371292,0.2270975898642151,Dobby (Personnage de Harry Potter)
0.04835322499664027,0.27819163797016966,Doc brown
-0.030880831310002656,0.11968979318653514,Docteur House (personnage)
-0.2908012397557107,-0.017191913346991043,Docteur Kureha 
-0.004465302593667646,-0.0700852784528011,domingo
-0.2908012397557107,-0.017191913346991043,Dominique Gros 
-0.002828042266663683,-0.2253077497004954,Dominique Strauss-Kahn (dit DSK homme politique)
-0.08057516771297776,0.25624894851823754,Don  quichote
-0.2908012397557107,-0.017191913346991043,Don Chinjao 
-0.2908012397557107,-0.017191913346991043,Don King 
0.3333614215043436,0.28962553606209807,Donald Duck
0.6188177232079589,0.15658677333673807,Donald Trump
-0.0786803920738998,0.16815373027900016,Dora
0.05065440090732348,0.2639804114833024,Dora l'exploratrice (dessin animÃƒÂ©)
-0.07241816158021655,0.22821009634747286,Doraemon
-0.2908012397557107,-0.017191913346991043,Dr Gero (Dragon Ball)
-0.004945421177281564,-0.09452135696502036,Dr Nozman(Youtuber)
0.01061016943380002,0.21345642406179205,Dracaufeu (animal Pokemon)
0.06610195428156859,0.1615854290188278,Dracula
-0.0718264312227263,0.2387383734104312,Drago Malefo (personnage Harry Potter)
-0.2804779577056408,-0.016299898454539136,Dragon ÃƒÂ©toile filante 
-0.2908012397557107,-0.017191913346991043,Drattak 
-0.2908012397557107,-0.017191913346991043,Duchesse 
-0.2908012397557107,-0.017191913346991043,Duff 
-0.0523822614939493,0.1638593467786192,Duke Nukem
0.2087745374430944,-0.14319114131667285,Dwayne Johnson (The Rock)
-0.019193247470413132,-0.17377175590323754,E
-0.11128662665323866,0.1991218910778266,E.T. (alien)
0.10534326254034879,-0.06722668501208617,Earvin Ngapeth
-0.03659597874248203,0.13288971107767056,Eckko ( champion league of legends)
0.1134367766947017,-0.16489362218813244,Ed Sheeran (chanteur)
-0.04152280457542108,-0.06974782221980808,Eden Hazard 
-0.03772666950162972,-0.07503027653716399,Edinson Cavani (footballer paris)
-0.13438418698849694,0.14589031516530573,Edward Kenway (perso jeu Assassin's Creed)
0.5067996902463267,-0.019516515104748052,Edward Snowden
-0.11989003155716074,0.1812575969365938,Edward Teach / Barbe Noire 
-0.02890079735098812,0.1370809320714554,Elliot (sÃƒÂ©rie Mr.Robot)
0.356324826742558,-0.1212244336300417,Elon musk
0.13956086818890087,-0.17803252596141803,Elon Musk (Pdg Tesla & SpaceX)
-0.08140149337431057,0.14212934801267518,Elsa
-0.0006220239559867372,-0.19161507921910018,Elton John
0.14338140168652716,-0.17780529339508283,Emile Zola
0.0027379211602800405,-0.10538532728913119,Emilia Clarke (acteur de Game of Thrones)
0.2728278516791501,-0.09943599523880642,Emiliano SALA (footballeur attaquant fc nantes)
0.2785277505266667,-0.11823407397555374,Eminem
0.32392998438340387,-0.12715604713860382,Eminem (chanteur)
-0.2908012397557107,-0.017191913346991043,Emiya Kiritsugu 
0.13724916920138414,-0.1284809721290623,Emma Stone (actrice)
0.384673753852885,-0.12423505158155135,Emma Watson
0.6308708230684913,0.13899615724341696,Emmanuel Macron (prÃƒÂ©sident de la RÃƒÂ©publique FranÃƒÂ§aise)
-0.00027493153774776186,-0.1573649630109003,Enora L (Etudiante INFO promo 2018)
-0.2908012397557107,-0.017191913346991043,EphialtÃƒÂ¨s 
-0.09690607082891473,0.2318024100173226,Eragon (personnage de roman de fantasy
0.1445468842260516,-0.22138635921538358,Eric Antoine
-0.0222716776669943,-0.16153762688209986,ÃƒÂ‰ric Cantona
-0.2833371057426678,-0.014412724929966828,Eric Clapton 
0.28147852217487157,-0.1548480375189666,ÃƒÂ‰ric Di MÃƒÂ©co (ancien joueur de l'OM)
0.11085514906746502,0.04575665925560967,Eric ThÃƒÂ©odore Cartman 
-0.03380798128639624,-0.1808926386794996,Erwan Legruyer (chercheur INSA)
-0.2908012397557107,-0.017191913346991043,Erza Scarlett 
-0.07359598547090955,-0.04562119862813998,Escher
-0.2908012397557107,-0.017191913346991043,Esperanza Gomez 
0.039223974724330854,0.2786482143163953,Esteban (citÃƒÂ©s d'or)
-0.03753972080782805,-0.1861837971502662,ÃƒÂ‰tienne Chouard (militant politique)
0.011688161786659159,-0.25336088099523946,ÃƒÂ‰tienne Klein (physicien franÃƒÂ§ais)
-0.028263758233199827,-0.17687885433757833,EugÃƒÂ¨ne Delacroix (peintre du 19ÃƒÂ¨me)
-0.01691589540800163,-0.1875915671421926,EugÃƒÂ¨ne Livet (ÃƒÂ©ducateur franÃƒÂ§ais)
0.006835505530691017,-0.1781285940843668,EugÃƒÂ©nie Brazier (chef cuisiniÃƒÂ¨re)
-0.2908012397557107,-0.017191913346991043,Eustass "Captain" Kidd 
-0.0811194187765295,0.24229030075906968,Ewok
-0.06056028619258391,0.2513848748703944,Eyeshield 21
0.0499230052466518,0.21402883335792167,Ezio Auditore da Firenze (jeu assassin creed)
0.15424511231942115,-0.18027846768125616,f
0.29725950600269363,-0.10298194298669003,Fabien Barthez
0.13186471687729395,-0.20418669405139753,Fabien desgranges
0.11350212666560829,-0.1786466314666593,Fabien Lemoine (footballeur)
-0.28042121398658104,-0.014304016383967872,Facteur Yacinthe 
-0.033228750238638693,-0.0890697291197789,Fedor DostoÃƒÂ¯evski
-0.2908012397557107,-0.017191913346991043,Felicity Smoak 
-0.12039965062841794,0.18410573143769002,Ferris (Mascotte de rust)
-0.2908012397557107,-0.017191913346991043,Ferris Eris 
0.14607685916895904,-0.07473797064243765,Fidel Castro (ancien dictateur de Cuba)
-0.05725175616270204,0.2124322525324369,FilÃƒÂ©mon (perso BD)
-0.28042121398658104,-0.014304016383967872,Flairsou 
-0.2908012397557107,-0.017191913346991043,Flash McQueen 
-0.0032879459518883616,-0.13380913430543104,Flea (Red Hot Chilli Peppers)
-0.2908012397557107,-0.017191913346991043,Fleur Piranha 
0.0039947402061178885,-0.19818532536336322,Florence Foresti
-0.005891707349681316,-0.125739075138734,Florent Manaudou
0.008062459306259186,-0.21103792092472898,Florent Pagny
-0.020872982076334215,-0.19435662529161835,Florian Lisieux (ÃƒÂ©tudiant INSA)
-0.013657848470148885,-0.12315497558858056,Flume (musicien)
-0.10618814958166549,0.24219784868241526,Ford Prefect (perso du Guide du voyageur galactique)
-0.2908012397557107,-0.017191913346991043,Foued Kadir 
0.19487101113626756,-0.16984117317477795,France Gall
-0.03230796256744786,-0.1687410327808712,Franck Ribery (footballeur)
-0.003277647719671262,-0.21177007759807295,Francky Vincent
0.08876800227942983,-0.15358044490784004,FranÃƒÂ§ois 1er
0.20830007879739698,-0.21432459256055122,FranÃƒÂ§ois Asselineau (prÃƒÂ©sident UPR)
0.4450613301651566,-0.13892676089052172,FranÃƒÂ§ois Fillon
0.6362797365230471,0.14857111086548788,FranÃƒÂ§ois Hollande
-0.2834746471810041,-0.016002667711239073,FranÃƒÂ§ois II 
0.4489337529693307,-0.1133628106505217,FranÃƒÂ§ois Mitterand
-0.057278390663754765,0.14954128603852365,FranÃƒÂ§ois Pignon (personnage de films)
-0.040316099665739034,-0.11671503286392762,FranÃƒÂ§oise DOLTO
0.11056879625416759,0.20422385137699905,Franklin
0.3087891181894905,-0.0921060102167398,Freddy Mercury (chanteur de Queen)
-0.03177297968264521,-0.14619053884302802,FrÃƒÂ¨res LumiÃƒÂ¨re
-0.059690056772075416,-0.12203367791389141,Freud
0.3638360338602052,0.3430746361483931,Frodon
0.2957015433290216,-0.19408176056171508,Gab35 (youtubiste)
-0.05427105674678025,-0.15022757491224292,Gabriela Sabatini (tenniswoman argentine)
0.2648538163714009,-0.1673947571850898,Gad Elmaleh (Humoriste)
0.13230281487696594,-0.15061878923746597,GaÃƒÂ«l Monfils (tennisman)
0.122415760564246,0.0972539567965661,GaÃƒÂ¯a
-0.2908012397557107,-0.017191913346991043,Gajeel Redfox 
0.00429844704822958,-0.07318176485833731,Gal Gadot (actrice IsraÃƒÂ©lienne)
0.10206735945776693,-0.08622364038386338,GalilÃƒÂ©e
0.21867186717408157,0.38485410670723263,Gandalf
0.18458105904523733,0.35444544063494665,Gandalf (le seigneur des anneaux)
0.276053918122622,-0.04309510635948872,gandhi
0.11745485180569043,0.2829246498753551,Ganondorf 
-0.06168104000077871,0.14563993925842028,GanymÃƒÂ¨de (oiseau compagnon de Bastion jeu vidÃƒÂ©o Overwatch)
-0.10762720668819598,0.1634121755907234,Garen (jeu vidÃƒÂ©o League of Legends)
0.2250897137588623,0.20151012052811706,Garfield
-0.0696451137104394,0.23417075962156197,Gargamel (BD les Schtroumf)
-0.08532429538635837,0.13359907814094873,Gasai Yuno (manga Mirai Nikki)
0.2621833333421678,0.2841065480645715,Gaston Lagaffe 
-0.09631778126126758,0.21474067422302978,GÃƒÂ©ant Vert
-0.01761702660086756,-0.08448460700098873,Gene Hackman (acteur amÃƒÂ©ricain)
-0.27481350110880065,0.01604190867491015,GÃƒÂ©nÃƒÂ©ral Shepard (Mass Effect)
-0.030561532365317896,0.02794264291977592,Genie Dans Aladin 
-0.051008503062339804,-0.09008721287734978,Georg Friedrich Bernhard Riemann (mathÃƒÂ©maticien allemand)
-0.07502438429742297,0.1875571288886148,George Abitbol (film La Classe amÃƒÂ©ricaine)
-0.07388873218885311,-0.1685662634565418,George Boole (mathÃƒÂ©maticien brittanique)
0.14405378131109356,-0.18224999272883324,George Clooney 
0.10990017801091252,-0.15877223855938724,George Washington (prÃƒÂ©sident amÃƒÂ©ricain)
-0.025604403514367935,-0.15892989198730095,Georges Bizet (musicien franÃƒÂ§ais)
-0.0431235378843987,-0.13831752076019055,Georges Brassens (chanteur)
0.0011919841494868809,-0.18833762051507316,Georges Clemenceau ()[Dhomme politique)
0.5606540854118337,-0.06450957327344642,GÃƒÂ©rard Depardieu
0.12028713498155731,-0.2689045283780641,GÃƒÂ©rard Majax (illusioniste)
0.1638205364380902,-0.23341164903868405,GÃƒÂ©rard Vaillant (enseignant ÃƒÂ  l'INSA)
-0.2804779577056408,-0.016299898454539136,Ghost Rider 
0.1516860139446108,-0.10265231366774046,GiÃƒÂ©drÃƒÂ© (chanteuse)
-0.2880806790854008,-0.016563201543000207,Gilgamesh 
-0.060068101927026836,0.23664080930882847,Gimli
-0.2908012397557107,-0.017191913346991043,Ginrei Kuchiki 
-0.03723617930746345,-0.1445957901691306,girafe
-0.06706474889816431,-0.07566126657164023,Giuseppe Verdi (compositeur romantique italien)
0.14958848877867745,0.26282274778996095,GLaDOS (jeu vidÃƒÂ©o Portal)
-0.2908012397557107,-0.017191913346991043,Glen Johnson 
0.15166482345648163,-0.005605828912215966,Godefroy de Bouillon
-0.2888014058104665,-0.016695981289144714,Gokudera Hayato 
0.28156890503070753,0.3447831603514365,Goldorak
0.2338474379065752,0.2824941871380021,Gollum
-0.06852058243698775,0.22828901136584437,Gon (Hunter x hunter)
-0.2908012397557107,-0.017191913346991043,Gonzalo Higuain 
-0.07464808916175883,0.14530236699330468,Gordon Freeman 
0.015040338813200393,-0.16695845278183086,Gordon Ramsay
-0.033106003874146334,-0.17646768531918594,Gotaga (Corentin Houssein joueur de jeu video)
-0.011966835897193244,-0.07601766555714792,Gottfried Wilhelm Leibniz (polymate allemand)
0.15418520480134537,-0.14026611197510572,Grace Kelly 
-0.0020965736324170957,-0.08362385583014785,Graham Chapman 
0.04438044896067223,0.19740652343296297,Green Arrow 
-0.2908012397557107,-0.017191913346991043,Gregory Goyle 
-0.1159554038847742,0.16387390286079473,Groot
-0.10418127922180655,0.1731325829939576,Grosminet
-0.07923021102384813,0.19020985459015033,Grosminet (personnage de Titi)
-0.2908012397557107,-0.017191913346991043,Guigui 
-0.2834746471810041,-0.016002667711239073,Guillaume Apollinaire 
0.0019616935917146747,-0.1932347410197263,Guillaume Meurice (chroniqueur radio)
0.15515085993247296,-0.17575407781160635,Gustave Eiffel
0.0350441618992844,0.31232054527474834,Guts (Berserk)
-0.011590263205860934,-0.1381032540351017,Guy Ligier International de Rugby patron d'ÃƒÂ©curie de sport auto constructeur automobile
0.012918205809379368,-0.168168723264617,Guy NovÃƒÂ¨s (entraineur de rugby)
-0.1167717315187584,0.21346928143733762,HadÃƒÂ¨s
-0.06355518930980263,0.1462836967837643,HAL 9000 (ordinateur 2001 OdysÃƒÂ©e de l'Espace)
0.1826933149920496,0.38989958342517944,Han Solo (star wars)
-0.11348361513553114,0.1694598588771504,Hannibal Lecter
0.04435389821389614,0.24646842386578977,Happy 
-0.015356097822524405,-0.13948008857506683,Haroun (humoriste)
0.18586323159144919,-0.153938502675922,Harrison Ford
0.5998276098107967,0.2427142676475081,Harry Potter (personnage de livre)
-0.2908012397557107,-0.017191913346991043,Haru Glory 
0.13743864467560002,0.31061504624519665,Hatsune Miku (humanoÃƒÂ¯de japonaise)
0.17595346970951267,-0.12959154772776135,hayao miyazaki
-0.05253286450763669,-0.016051214686844038,HCMin
-0.0722076020218018,0.1278169108967047,HÃƒÂ©lÃƒÂ¨ne de Troie
-0.01758460464396265,-0.1045668667037088,Helmut Kohl (homme politique allemand)
-0.034632235718353346,-0.14012125542304643,Henri IV (roi de france)
0.3542169922819976,-0.12982345747920265,Henri PoincarÃƒÂ©
0.0006924819929691277,-0.19367877890160948,Henri-LÃƒÂ©on Lebesgue (mathÃƒÂ©maticien)
0.10954536566388519,-0.14053763572183062,Herbert Von Karajan
-0.09032812667384954,0.17277031044520605,Hercule (demi-dieu romain)
-0.025966716217848622,0.1538407848564227,Hercule Poirot
0.024550233292684156,-0.15113194868897153,HergÃƒÂ© (dessinateur Tintin)
0.249290277586954,0.3721515100909186,Hermione Granger 
-0.028384032944635703,-0.12716740179770245,Hillary Clinton (femme politique amÃƒÂ©ricaine)
-0.061283665536387553,0.16270919072992707,Hinamori Amu (personnage principal du manga Shugo Chara)
0.5581280196374783,0.22049697610492225,Homer Simpson
-0.026264011498836795,-0.16442249634197606,Horst Seehofer (homme politique allemand)
0.06924041622879426,0.31471109434968336,Hubert Bonnisseur de la Bath
-0.007411292753576805,-0.1528881733863155,hubert felix thiefaine (chanteur)
-0.010509791823674373,-0.18642421213409321,Hubert Reeves
0.19385224701031012,-0.21407176688104296,HUGO PÃƒÂ©lussin CDC (ÃƒÂ©tudiant INSA)
-0.2908012397557107,-0.017191913346991043,Hugo Simpson 
0.3186172336001576,0.2204680142405588,Hulk
0.31404214701661526,0.31250053866376293,Hulk (super hÃƒÂ©ros marvel)
-0.2908012397557107,-0.017191913346991043,Hyomin 
0.05918629444988233,0.2453600591252803,Ichigo Kurosaki (manga Bleach)
-0.0055203919674882,0.24332213857186438,IdÃƒÂ©fix
-0.2908012397557107,-0.017191913346991043,Iggy Koopa 
0.0043848420909568826,-0.13459894914294307,Il faut sauver Willy
0.005740810234832222,0.21915019816061015,Illidan Hurlorage
-0.11083555097532558,0.24950377224342438,Indiana Jones
-0.2880806790854008,-0.016563201543000207,Indira Priyadarshini Gandhi 
0.15561190480007542,0.14193106646232684,Inspecteur Columbo (perso sÃƒÂ©rie tv du mÃƒÂªme nom)
-0.28904381347795277,-0.016830400031134618,Ion Antonescu 
0.40663736665517436,0.30555462995004545,Iron Man /Tony Stark (Marvel)
-0.0017790652958751575,-0.1437646975892509,Isaac Asimov
0.5123153649904,0.035928386407885385,Isaac Newton
-0.02086551486257623,-0.13413353089109673,Isabelle
0.00536470190045872,-0.21068643744061163,Isabelle Adjani (actrice franÃƒÂ§aise)
-0.2908012397557107,-0.017191913346991043,Itay Sheshter 
-0.28042121398658104,-0.014304016383967872,Ivan Ezequiel Lavezzi 
0.6097062259393986,0.00409340982084466,Ivan Leplumey (enseignant INSA Rennes)
-0.2908012397557107,-0.017191913346991043,Ivan Vanko (film: Iron Man)
-0.10064928933668088,0.1964964829873362,Izuku Midoriya (hÃƒÂ©ros shonen)
-0.08045030509054124,0.15560296390301115,Izuna
-0.2908012397557107,-0.017191913346991043,J.P. Perkins 
0.10366654823467909,-0.15759717024262493,J.R.R Tolkien
-0.2807897185590246,-0.014320373371524826,Jabba le Hutt	 
-0.07835916084328304,0.15891629124984022,Jack Bioshock
-0.07170804165414793,0.23262772247131575,Jack Frost (LÃƒÂ©gende amÃƒÂ©ricaine)
0.007420377484343203,-0.12172145002356947,Jack Nicholson (acteur amÃƒÂ©ricain)
0.1999093968402413,0.30314405410616324,Jack Sparrow
-0.01750697931906109,-0.17324222546071702,Jackie Chan (acteur chinois)
-0.06445040355716651,0.022499866849755145,jacques ANTILLE
-0.01197533143003136,-0.13866233665002378,Jacques Brel (chanteur)
-4.079105647420366e-05,-0.1799280657268443,Jacques Cheminade
0.5471941214161836,-0.10847449955169963,Jacques Chirac
0.044664369116134264,-0.21365808294487643,jacques laffite
-0.01983000650188621,-0.17775658862740704,Jacques Martin (animateur tv franÃƒÂ§ais)
-0.06822628336263166,0.2383424772799692,Jacquouille la fripouille (film Les visiteurs)
0.1641033926437451,0.32641404590118245,Jaime Lannister 
0.20342674461486404,0.233551137631811,Jake Peralta (personnage de Brooklyn Nine Nine)
0.44048890567000787,-0.06651324110668176,Jamal Benhlal (enseignant INSA)
-0.01042432181124604,-0.15658623645915057,JAMAL LE POTO DE TITOUAN
0.2407084883957655,-0.11130960064772971,Jamel Debbouze 
0.07827271059650137,0.22534260832577793,James Adams
-0.02011694623129285,-0.19467277887759726,James Blunt (musicien brittanique)
0.42097339016786145,0.26099916771004156,James Bond
-0.25056630349478737,-0.020427606551002085,James Potter 
-0.00015734037841101352,-0.15600836023919107,Jamie (c'est pas sorcier)
0.15577118340094226,-0.151823101182075,Jane Austen
-0.0727242655649045,0.14936606471068353,Jane Eyre
-0.2908012397557107,-0.017191913346991043,Jango Fett 
-0.14143650672216107,0.21775951570670166,Janna (League of Legends)
-0.2908012397557107,-0.017191913346991043,Jappeloup de Luze 
0.08699183317144366,0.267016390446519,Jasmine
-0.10824184011401129,0.12469816082867488,Jax
-0.2908012397557107,-0.017191913346991043,Jean Cassou 
-0.0028516600322885336,-0.1389444552239585,Jean d'Ormesson (acadÃƒÂ©mie franÃƒÂ§aise dÃƒÂ©cÃƒÂ©dÃƒÂ©)
0.07735280720563054,-0.18093376906933156,Jean de La Fontaine
0.4835244284425996,-0.10947680594753956,Jean Dujardin
-0.2908012397557107,-0.017191913346991043,Jean Havoc 
0.03662977074503087,-0.20043449381232395,Jean Le Cam ()[Dnavigateur)
-0.0034997290711536134,-0.23298349408102567,Jean Luc Reichmann
0.026437431437251017,-0.1869781561644971,Jean Marc Ayrault
-0.017328302614139916,-0.219660492401629,Jean Messiha (ÃƒÂ©narque et docteur en sciences ÃƒÂ©conomiques)
0.11157534888366391,-0.15519142005009065,Jean Moulin
-0.005944468795467825,-0.13536107795724062,Jean Paul 2
-0.001242605224289404,-0.2072619857184395,JEAN PAUL VIRAPOULLE (MAIRE DU 440)
0.001798909779052426,-0.18297221867896943,Jean Perrin
0.0426803101669043,-0.15677067112942356,Jean Pierre Rives
0.3451067027862609,-0.15026363782964366,Jean Racine (dramaturge franÃƒÂ§ais)
-0.02466695821845372,-0.08361012158203401,Jean SÃƒÂ©bastien Bach
-0.2834562382028592,-0.01614727801042642,Jean XXIII 
0.009542458041515491,-0.18127201399101855,Jean-Christophe Victor
-0.2618960529027101,-0.044850344255936314,Jean-Claude FranÃƒÂ§ois 
-0.2908012397557107,-0.017191913346991043,Jean-Claude Pascal 
0.29423671459302747,-0.10809690200114097,Jean-Claude Van Damme
-0.04723170030877246,-0.13558505988048128,Jean-David 
-0.04299887811245721,-0.14041432904932716,Jean-FranÃƒÂ§ois Champollion (ÃƒÂ©gyptologue franÃƒÂ§ais)
0.3862461422431025,-0.22703741167384875,Jean-Jacques Goldman (chanteur franÃƒÂ§ais)
-0.04938497984543348,-0.1572152854613857,Jean-Jacques Rousseau
0.019728624784333102,-0.1966531036357268,Jean-Louis Gasset (entraineur foot)
-0.02677508048980846,-0.19494729891364956,Jean-Louis Merrien (Professeur de Maths)
-0.2908012397557107,-0.017191913346991043,Jean-Luc Bret 
0.2890627326237579,-0.2197418426369081,Jean-Luc MÃƒÂ©lenchon 
0.22437214115811874,-0.2618503973707695,Jean-Marc Jancu (enseignant INSA)
0.4868982399021476,-0.1371023790465116,Jean-Marie Le Pen
-0.013738772613399404,-0.1706294113866799,jean-Paul Belmondo
-0.2908012397557107,-0.017191913346991043,Jean-Paul Rouland 
0.4904901689763162,-0.055638570052786544,Jean-Philippe Durand
-0.011667875572776843,-0.17911341388276364,Jean-Pierre Coffe (animateur gastronome)
-0.004045640004946263,-0.23450193035931954,Jean-Pierre Pernault
0.2615397163130238,-0.18203605949898788,Jeanne d'Arc
-0.2908012397557107,-0.017191913346991043,Jeanne Hachette 
-0.060599441326517164,0.17218855709319128,Jebediah Kerman 
-0.2804779577056408,-0.016299898454539136,Jebediah Springfield 
-0.0013132272522944502,-0.13210115608912,Jennifer Lawrence (actrice principale de Hunger Games)
-0.2908012397557107,-0.017191913346991043,Jennifer Morrison 
0.2017024802034528,-0.15792230418806702,Jerome Trochon(professeur de mathÃƒÂ©matiques)
-0.06597255738834168,0.12996699835722478,Jerry
-0.05996572801418064,-0.15710720394042765,Jessica Alba (actrice amÃƒÂ©ricaine))
-0.028769111952311566,0.12505028744055063,Jessica Day (personnage de New Girl)
-0.2908012397557107,-0.017191913346991043,Jessica Jung 
0.13511483621634637,-0.06757998098255143,Jesus
0.25717480063755577,0.04000579345446478,JÃƒÂ©sus Christ 
0.023762437481626562,-0.06913797499177496,Jet Li
-0.2908012397557107,-0.017191913346991043,Jiemma  
-0.06329129886877122,0.24882017114534036,Jill (Va-11 Hall-a)
0.1202277508579846,-0.17885199528618165,Jim Carrey
0.3370239725987633,-0.09583267510751532,Jimi Hendrix
-0.2908012397557107,-0.017191913346991043,Jimmy de Santa 
0.1534020944628285,-0.21849667747227697,Jimmy Page (guitariste de Led Zeppelin)
-0.2807897185590246,-0.014320373371524826,Jimmy Pegorino  
-0.08441537213764347,0.20179326060292196,Jinx
0.2500650267178653,-0.19194683537728857,JK Rowling
-0.016809893736924642,-0.1992022756875133,JK Rowling (auteure de Harry Potter)
0.00020912601730755157,-0.19087718798897382,Jocelyn Gourvennec (footballeur franÃƒÂ§ais)
0.32032014679759796,-0.08999612036207084,Joe Wilfreid Tsonga
-0.2908012397557107,-0.017191913346991043,JoÃƒÂ«l Barillet 
0.045361189175010544,0.21235463855475187,Joey (friends)
-0.2797829111405693,-0.014458255911714058,Joffrey Baratheon 
-0.2908012397557107,-0.017191913346991043,Johann Bois 
-0.027323082008391317,-0.12302027705235496,Johannes Kepler (astronome)
0.11508152630062335,-0.1711535812661176,John Cena (Catcheur)
-0.25474299448540577,-0.04349909988080966,John Coffey 
0.23543271452133355,-0.12840515148841858,John Fitzgerald Kennedy (prÃƒÂ©sident amÃƒÂ©ricain dit JFK)
0.36473507244704906,-0.04350923996836526,John Lennon
-0.09749359694196157,0.12317661135449962,John Locke (sÃƒÂ©rie TV: Lost)
0.2753735794359826,0.15773491716282212,John Rambo
-0.09332160243469424,0.1595357749897414,John Watson
-0.2908012397557107,-0.017191913346991043,Johnny Ace 
0.25566032508951075,-0.15726356812871192,Johnny Depp
0.6044287879022918,0.06675025988280239,Johnny Halliday
0.06761944763193434,-0.14604587069281738,Johnny Halliday (musicien)
-0.02427284809238412,-0.1270100683475839,Johnny Sins (acteur pornographique)
-0.10513756092902421,0.17269312739786377,JOJO (personnage de sÃƒÂ©rie JOJO Bizarre adventure)
0.04262794204950221,0.243020491918468,Joker
0.40508337922529014,0.328159675586171,Jon Snow  (personnage de Game of thrones)
-0.11281573356355465,0.18368625889937093,Jonathan Joestar (perso de manga)
0.020542859477481353,-0.15876700189407653,JONNY WILKINSON
-0.2908012397557107,-0.017191913346991043,Jordan Amavi 
-0.2908012397557107,-0.017191913346991043,JosÃƒÂ© Mujica 
-0.06001865652266332,-0.11209406102266518,Joseph Goebbels (dirigeant nazi)
-0.08499994167973408,0.1730926278186569,Joseph Joestar (personnage Manga)
0.4614840529610669,-0.006855597271808846,Joseph Staline
-0.03458214790389426,0.080700030271059,JosÃƒÂ©phine (sÃƒÂ©rie TV: JosÃƒÂ©phine Ange Gardien)
-0.0394849324121709,-0.13524198438377125,Josiane Villory
-0.004570891056258586,-0.20271471089937315,Josselin Stark
-0.037998032021524034,-0.09841511274082852,Joyce Carol Oates (romanciÃƒÂ¨re amÃƒÂ©ricaine)
0.011066580552282912,-0.16637053432730847,Joyce Jonathan
-0.2908012397557107,-0.017191913346991043,Jubia Lokser 
0.24555847152037152,-0.1634560656636611,Jul (rappeur)
0.4450246737389528,-0.03976982692952626,Jules Cesar 
-0.06375073585233251,-0.16031166249544276,Jules Verne (ÃƒÂ©crivain)
-0.2908012397557107,-0.017191913346991043,Julien Brellier 
0.033354712698984317,-0.20546843637079976,Julien DorÃƒÂ© (chanteur)
0.23812020208467313,-0.14898789763454515,Julien Lepers
-0.2908012397557107,-0.017191913346991043,Juliet 
-0.2908012397557107,-0.017191913346991043,Julio (Le Grand HÃƒÂ´tel) 
-0.02603468714005842,0.22591015065686704,Jupiter (Zeus romain)
0.14989379862804555,-0.18528993373105462,Justin Bieber
0.12923496246881933,-0.12861759001196288,Kaaris (rappeur)
-0.2908012397557107,-0.017191913346991043,Kaguya ?tsutsuki 
0.3908050746877141,-0.06414371051968526,Karim Benzema (footballeur)
-0.0259600533386816,-0.0779212526985109,Karl Marx
0.0007429596338702708,-0.11332854277565822,Karl Weierstrass (mathÃƒÂ©maticien allemand du 19ÃƒÂ¨me sciÃƒÂ¨cle)
0.02858560304819194,0.32663835256951385,Katniss Everdeen
-0.2908012397557107,-0.017191913346991043,Katsumi 
-0.2728928751631192,-0.006498744928291415,Katsura Kotonoha 
-0.006792000304125412,-0.07958285734579557,Kawhi leonard ( basketeur americain )
-0.2807897185590246,-0.014320373371524826,Kayako Saeki / The Grudge 
0.00044662813068393613,-0.20593806243662288,Keith Urban (chanteur)
-0.2908012397557107,-0.017191913346991043,Kelly Groucutt 
-0.00845470755650264,-0.10955350977862015,Ken Block (pilote amÃƒÂ©ricain)
0.11104987609575687,0.2546042311958071,Ken le survivant (manga)
-0.01393720530408328,-0.19478830438426423,Kendji Girac
0.003039445325327742,-0.15010289842544064,Kendrick Lamar
-0.10809162681571811,0.1504680465378963,Kermit (marionette du muppet Show)
0.03443654673935152,-0.21178764194244404,Kev Adams
-0.018266030817599546,-0.1680691899332506,Kevin Costner (acteur amÃƒÂ©ricain)
-0.03188983545815543,-0.13882316734929281,Kevin Mayer (dÃƒÂ©cathlon)
0.024536808929692337,-0.15441878912920107,Kevin Spacey (acteur amÃƒÂ©ricain)
0.012649848036940008,0.26342039766851133,Keyser Soze
-0.2908012397557107,-0.017191913346991043,Kiba Inuzuka 
-0.2908012397557107,-0.017191913346991043,Kick-Ass 
0.31050339046504294,-0.13012594138318054,Kim Jong-un 
-0.2908012397557107,-0.017191913346991043,Kim Sung Kyu 
-0.05768309486648498,-0.08374593918970108,Kim Tae-hyung (chanteur sud-corÃƒÂ©en)
0.045524757533652906,0.2862998936354463,King K. Rool (Donkey Kong Country)
-0.11251463984658693,0.18132394837007104,Kira (death note)
-0.11354913467064214,0.1768168869963836,Kirby
0.01052145959788776,0.2686331364261871,Kirby (personnage de jeu vidÃƒÂ©o)
-0.0785712350314185,0.1831615165017763,Kirikou
-0.11037526541699637,0.15142896587392238,Kirito (SAO)
-0.09215733101191526,0.28442924317835167,Kirua (du manga Hunter x Hunter
-0.2908012397557107,-0.017191913346991043,Kiwi 
-0.2908012397557107,-0.017191913346991043,Kjarl (dofus) 
-0.01403812095883212,-0.13621171651003997,Kobe Bryant (Basketteur Proffesionel)
-0.2908012397557107,-0.017191913346991043,Koishi Shidou 
-0.2908012397557107,-0.017191913346991043,Konstantin Oustinovitch Tchernenko 
0.04481518294871319,0.2955980750230872,Koro-sensei 
-0.2908012397557107,-0.017191913346991043,Krystal Wallas
-0.2908012397557107,-0.017191913346991043,Kuragari Uroshima 
-0.020593737650562584,-0.0578706543031718,Kurt Cobain
-0.08867511735230783,0.2159973947354435,Kvothe personnage principal des chroniques du tueur de roi
0.48615103693297185,-0.018802477649828408,Kylian MbappÃƒÂ© (joueur de foot)
-0.09642887028418214,0.26064437338636376,Kylo Ren (perso de star wars)
-0.2908012397557107,-0.017191913346991043,Kyurem 
-0.07028182441602883,0.17684122432719082,L
0.007933521901317915,0.30149743046864047,L (personnage de Death Note)
-0.09882403553615222,0.17994996610073644,L'arbitre des tournois dans dragonball
-0.2908012397557107,-0.017191913346991043,L'homme invisible
-0.2908012397557107,-0.017191913346991043,L'homme qui passe
-0.2908012397557107,-0.017191913346991043,la copine de neymar 
-0.2908012397557107,-0.017191913346991043,La crÃƒÂ©ature de Frankenstein 
-0.04782629848654892,0.253484292585115,La fÃƒÂ©e clochette 
-0.2908012397557107,-0.017191913346991043,la femme de leonidas 
-0.2908012397557107,-0.017191913346991043,La Fenetre De Ma Chambre  
-0.2908012397557107,-0.017191913346991043,La fourmi 
-0.284952138847279,-0.01627820467738101,La Licorne 
-0.10259275468916818,0.1631804637818924,La linea (Personnage de vieux dessin animÃƒÂ©)
-0.068220938005765,0.20044703510651182,La mÃƒÂ©chante sorciÃƒÂ¨re de l'Ouest (personnage du  Magicien d'Oz)
0.01972101373475384,0.23019432120936134,La PanthÃƒÂ¨re rose (perso dessin animÃƒÂ©)
-0.2908012397557107,-0.017191913346991043,La reine de Saba 
0.05484446719309624,0.22650733020217093,La reine des neiges
-0.10335924462923952,0.19427903422313691,la schtroumpfette
-0.2908012397557107,-0.017191913346991043,Lacrim 
0.18747468827136385,-0.09064313136900595,Lady Diana
0.3073454491958994,-0.0860466809385016,Lady Gaga 
-0.10444635779160244,0.1610388667110865,Ladybug hÃƒÂ©roÃƒÂ¯ne d'une sÃƒÂ©rie de magica girle
0.015192858474484618,-0.12060554800387999,Lana del Rey
0.2921435202941559,0.2823916320198063,Lara Croft
-0.2833371057426678,-0.014412724929966828,Lara Fabian 
-0.075449253600137,0.16452366244307018,Larmina (film OSS 117)
-0.2524618871304215,-0.033230074431808754,Laura Ingalls 
0.43086227015205214,-0.06523608620300836,Laure Manaudou
0.014062703534254374,-0.20440505042898768,laurent Fabius
-0.2908012397557107,-0.017191913346991043,Laurent Jalabert 
0.009736945423368117,-0.20753249457282727,Laurent Ruquier
4.330834545846407e-05,-0.22668264063040938,Laurent Wauquiez
-0.27130281836284126,-0.023328053244556387,Le Bibendum Michelin 
-0.290298272008342,-0.017087467021503693,Le Commandant Shepard 
-0.1798233927817349,0.06314852732486459,Le commissaire Navarro 
-0.09046090310619215,0.1401430582681494,Le Docteur 
0.1963735228641454,0.3052444118222632,Le docteur (personnage de Doctor Who)
-0.2908012397557107,-0.017191913346991043,Le Fauve 
-0.2908012397557107,-0.017191913346991043,Le foldingot (oksa pollock) 
0.26375691758542114,0.30957586343270654,Le grand schtroumpf
-0.2908012397557107,-0.017191913346991043,Le Loup 
0.17524434776179307,0.2672750017236047,Le Marsupilami 
-0.2908012397557107,-0.017191913346991043,Le mec indÃƒÂ©cis
-0.2908012397557107,-0.017191913346991043,Le NÃƒÂ©ant 
0.14080221347129215,-0.2279240934890477,Le Pape
-0.26044598169246513,-0.023366601354391107,Le petit GrÃƒÂ©gory 
-0.28859033235266035,-0.01669736882845539,Le ProphÃƒÂ¨te Mohammed 
-0.2908012397557107,-0.017191913346991043,Le quatriÃƒÂ¨me Hokage 
-0.07781249243315999,0.13377285392246732,Le roi Arthur
-0.049985779269561575,0.16400881723077923,Le soleil des TÃƒÂ©lÃƒÂ©tubbies
-0.2908012397557107,-0.017191913346991043,Le telephone dans toy story 3 
-0.0816335589093923,0.16587048841733265,LeBlanc (personnage du jeu League of Legends)
0.47028187822893347,-0.005624774816927145,LeBron James 
0.0043925806546281105,-0.16754616097490294,Lee "Faker" Sang-hyeok
-0.09547473051160416,0.2571090204259985,Lee Sin (League Of Legends)
-0.020956998526846994,0.3009429198678639,Lelouch (Code Geass)
0.29574226636659695,-0.08084943749313485,Lemmy Kilmister
-0.027316421194283354,-0.17663988151973317,LÃƒÂ©o Grasset (YouTuber Dirty Biology)
-0.01283505952981272,-0.1389212207863384,LÃƒÂ©on Blum (homme politique franÃƒÂ§ais)
0.36352770499368464,-0.12370895881945092,LÃƒÂ©onard de Vinci
0.1310880729401559,-0.1726270217621634,LÃƒÂ©onard Euler
0.23688209986650582,-0.17836230506324977,LÃƒÂ©onardo Di Caprio
-0.06002540600384363,-0.07057540681499314,Leopold II de Belgique
-0.044548313432012675,-0.15840510371206257,les FrÃƒÂ©rots (groupe de musique)
-0.2908012397557107,-0.017191913346991043,les jumelle olson 
0.145271048765099,-0.14167761447269495,Lewis Hamilton
-0.27481350110880065,0.01604190867491015,Libellule 
0.1512360638261263,0.2078298859054634,Licorne
-0.09283219032222927,0.23146858743062393,Liesel Meminger 
-0.07865254912233942,0.17595863900057937,Lightning
-0.06586442096248168,-0.12602421352909726,Lil Pump (rappeur amÃƒÂ©ricain)
0.48120270261950343,0.33589206080858214,Link (The legend of Zelda)
-0.04048239201548146,-0.1192360254429725,Lino
-0.02739150909680657,-0.17525429792639544,Lino Ventura (acteur franÃƒÂ§ais)
0.1332181539446063,-0.10603769108895242,Linus Torvalds
0.5239793787821607,0.05354554929303354,Lionel Messi 
-0.2908012397557107,-0.017191913346991043,Logan Evans 
-0.2908012397557107,-0.017191913346991043,Logan Walker 
-0.014947388015222827,-0.16009199701220933,Logic (rappeur)
0.3112350492496734,-0.19110743314305345,LoÃƒÂ¯c HervÃƒÂ© (professeur ÃƒÂ  l'INSA)
0.05448405489969893,-0.20752106728162,Loic Peyron (navigateur)
0.017362844122981315,-0.11279109473709904,Lomepal (Antoine Valentinelli rappeur)
0.189244435838435,0.24849659662206597,Lord Voldemort 
0.14766736837512234,-0.13583024731346122,Lorenzo
-0.2903290428577767,-0.01708896731276706,Loto 
-0.07624399243846744,0.2089716338405706,Lotus (Warframe)
0.2085811120359252,-0.08810408255849858,Lou Ferrigno (acteur du Hulk)
-0.0017168806522132659,-0.14740905961101095,Louis Armstrong (jazzman amÃƒÂ©ricain)
0.528630742544289,-0.027038342239006277,Louis de FunÃƒÂ¨s
0.3457112112138598,-0.040227868635548905,Louis IX (saint-Louis)
0.01174192581891376,-0.16989893858130628,Louis Nicollin (prÃƒÂ©sident du club foot Montpellier)
0.38669367112906083,-0.12298946502613384,Louis Pasteur
0.5686430423391213,0.04399514892700319,Louis XIV
0.44134753750234484,-0.02985324752487685,Louis XVI
-0.02399752668875227,-0.15884622774143234,Luc Abalo (joueur de hand franÃƒÂ§ais)
0.01607250423781725,-0.23160713874112376,Luc Besson
-0.2908012397557107,-0.017191913346991043,Lucas Hauchard (Squeezie)
-0.02635051662034611,-0.13377797156068155,Lucie Decosse (Judokate)
-0.09380486215003395,0.2186559416009045,Lucifer 
0.1399541684514096,0.39079287439588006,Lucky Luke (personnage de BD)
0.19748085830135573,-0.11257124741025981,Ludwig Van Bethoven
0.19437069060743575,0.39154771433207103,Luffy (Personnage de One Piece)
0.03343521159132495,0.2636288042039937,Luigi (Mario)
0.42412640073749697,0.307678645774474,Luke Skywalker
-0.06950233868183044,0.2282650214669268,Luna Lovegood
-0.2908012397557107,-0.017191913346991043,Lust 
-0.12675599133399856,0.2179486065193816,Lydia (personnage de Skyrim)
0.6333429242253089,0.08680514181157702,M'hamed Drissy (Directeur de l'INSA de Rennes)
0.20328807356958117,-0.15894372027609177,M. Le Russet (agent de sÃƒÂ©curitÃƒÂ©)
0.20221615570521273,-0.17791158959880587,Ma Grande  Soeur 
0.44782817255222107,-0.13877138631563232,Ma maman
-0.07450601336351939,0.1465240299932934,Mace Windu
-0.2908012397557107,-0.017191913346991043,Madame de Montespan 
-0.2908012397557107,-0.017191913346991043,Mademoiselle Jeanne 
-0.2908012397557107,-0.017191913346991043,Madison Alamia 
0.2996946413055046,-0.08288025513597555,madonna
-0.03650452683220837,-0.1762510184927708,Mael Hamon (ÃƒÂ©tudiant INSA)
-0.07216628170511812,0.15374253729133092,Maggie Simpson
-0.13773375944128802,0.12933029470560178,Magicarpe 
-0.2908012397557107,-0.017191913346991043,Magna Charge 
-0.023030831447975086,-0.11058596178102936,Malala Yousafzai (militante pakistanaise des droits des femmes)
0.17856382017649114,0.2592802595982622,Malcolm(personnage de Malcom)
-0.11153085847260139,0.2543767586855318,Malicia (X-men)
-0.0803296140262407,-0.10312350463910636,Manuel Neuer (gardien de foot allemand)
0.23357708612305317,-0.1237954142264369,Manuel Valls
0.27074957542287076,-0.029253396001349918,Mao Zedong
-0.2908012397557107,-0.017191913346991043,Maradona 
0.6253464216789433,0.14285937607698088,Marc Briane (professeur INSA)
0.15808470177955924,-0.25980833897498734,Marc LÃƒÂ©vy (ÃƒÂ©crivain)
-0.047959202424447435,-0.1484404360351057,Marc Zuckenberg (crÃƒÂ©ateur de facebook)
0.012933949778655755,-0.14518135755342432,Marcel Cerdan (boxeur)
-0.07529667988627724,-0.1374691114166709,Marcel Proust (ecrivain)
-0.2908012397557107,-0.017191913346991043,Marco Bodt 
-0.2908012397557107,-0.017191913346991043,Marco Di Vaio 
0.01865788935275678,-0.19573990753386372,Marco Hietala (bassiste Nightwish)
0.10728876611595496,-0.16646068708268627,MarÃƒÂ©chal PÃƒÂ©tain 
-0.28189133100501657,-0.015633819140005167,Margaery Tyrell 
-0.2908012397557107,-0.017191913346991043,Margaret Hale 
0.15982459845195807,-0.17810207502640302,Margaret tatcher
-0.0758288033876314,0.13684615741476602,Marge Simpson
-0.02905990056920188,-0.17598297715938788,Maria Sharapova
-0.06950927936955685,-0.12072718308817405,Marie Antoinette (reine de France)
0.5455755646900223,-0.031338236846090134,Marie Curie (scientifique franco-polonaise)
-0.09829015570080368,0.16690828700501983,Marie Poppins
-0.2618960529027101,-0.044850344255936314,Marie-France Pisier 
-0.2908012397557107,-0.017191913346991043,Marie-Mai 
0.02436375134488276,-0.14756755354696363,Marina Kaye (chanteuse)
-0.2908012397557107,-0.017191913346991043,Marine Delterme 
0.43779793779035575,-0.14474389790504538,Marine Le Pen
-0.016899449997433116,-0.06307435691947261,Mario Balotelli (footballeur italien)
0.6045940358347907,0.22605449806261366,Mario Bros (perso jeux vidÃƒÂ©o)
-0.04170181347007324,-0.1824015298261924,Mark Hamill (Acteur de Luke Skywalker)
-0.2696314945752807,-0.009641101380789378,Marla Sokoloff 
0.2846166612455041,-0.1889511397744932,martfrein
0.2644056646156309,-0.14714437329988989,Martin Fourcade
0.42782226008984153,-0.04108285221272713,Martin Luther King
-0.2908012397557107,-0.017191913346991043,Martin Mystere 
0.11196293765873866,0.31029084407935226,marty mc fly 
-0.07860346306906821,0.17008030555099016,Marvin (H2G2)
-0.11414107152858523,0.16488295052774177,Marvin le Martien (looney toons)
0.25868456191248956,-0.11112698338408875,marylin monroe
-0.025595334593237845,-0.17304395568795375,Mathis Roisin (ÃƒÂ©tudiant INSA)
0.011296330010247367,-0.21331064503352445,Matthieu Chedid (musicien franÃƒÂ§ais dit M)
0.07076293557106669,0.2679190497321512,Max Black (personnage de la sÃƒÂ©rie: 2 broke Girls)
-0.12765210229799778,0.17931115656288302,Maya l'abeille
0.0045560708875303025,-0.09649522697345729,McFly
-0.19177631171627688,0.1152663121648313,MÃƒÂ©duse
-0.2908012397557107,-0.017191913346991043,Megpoid Gumi 
0.10737876667167198,0.18182161632150623,meredith grey (personnage grey's anatomy)
-0.10506086434344787,0.2211238060781535,merlin
-0.2908012397557107,-0.017191913346991043,Mesut ÃƒÂ–zil 
-0.023929405261027246,-0.07160215315546611,Mia Khalifa
-0.2908012397557107,-0.017191913346991043,Miasmax 
0.5945904467441067,0.0784543333336215,Michael Jackson 
0.5017085745612925,-0.08109298269604838,Michael Jordan	 
0.2241033290871023,-0.1835183027061134,Michael schumacher
-0.02137880136726117,-0.10827286890435305,Michael Wittman
-0.016790499685482595,-0.14143706387707028,Michel Berger (musicien franÃƒÂ§ais)
0.05647629451917247,-0.25548919665827013,Michel Blanc (acteur franÃƒÂ§ais)
0.48767830869873485,-0.0623869192421502,Michel Platini (footballeur franÃƒÂ§ais)
0.2070975549315039,-0.25289601814985885,Michel Sardou (chanteur)
0.11632414695925433,-0.15182550078668153,Mick Fanning (surfeur Australien)
0.01792624467522842,-0.16532186314665823,MickaÃƒÂ«l Landreau
-0.2908012397557107,-0.017191913346991043,MickaÃƒÂ«l Rossignol 
0.4761150411255481,0.31397164506533076,Mickey Mouse 
0.22021130100165745,-0.22218311571867716,Mike Oldfield
-0.2908012397557107,-0.017191913346991043,Mike Rutherford 
-0.011355799248482353,0.20208668504448013,Milou
0.021312194280388577,0.19917593972278558,Milou (chien de tintin)
0.006625222026417675,-0.1143094637457808,Miltiade
0.363228139188677,-0.13866958270447183,mimi mathy
-0.08705676516603797,0.22019361179439545,Minerva McGonagall (perso de Harry Potter)
-0.06992972940587822,0.22507202903609677,Minnie 
-0.2908012397557107,-0.017191913346991043,Misao Makimachi 
-0.001733623688237773,-0.17829410292515585,Miss France
-0.2908012397557107,-0.017191913346991043,Mistral 
-0.05365024780413135,-0.13703719884405188,Miyazaki
0.12395950866483024,-0.13450423080021282,Mo Farah (coureur de fond anglais)
-0.2888014058104665,-0.016695981289144714,Moby Dick 
-0.2908012397557107,-0.017191913346991043,ModrdecaÃƒÂ¯ (jeu vidÃƒÂ©o Borderland)
0.01908553359707034,-0.17494906031602994,Mohamed V 
0.00465962148470005,-0.17948286784599174,Mohammed 6
0.622337288109929,0.10100029469606542,Moi
-0.01715336525341729,-0.14981508895303794,Moi-mÃƒÂªme
-0.009273163957854257,-0.13281646691917312,MoÃƒÂ¯se (prophÃƒÂ¨te juif)
-0.032388281576151375,-0.08270252660578334,MoliÃƒÂ¨re
0.1239247285944975,-0.20085713841872574,Mon ami
-0.019656225265551112,-0.08882195995735073,mon binome
-0.020132015136847,-0.12079861222381089,Mon chat
-0.14252327926318942,-0.01768582116996336,Mon FrÃƒÂ¨re 
-0.022672808824921693,-0.11966104452890454,Mon Mari
0.4457841942187007,-0.12718725558111532,Mon pÃƒÂ¨re
-0.2908012397557107,-0.017191913346991043,Mon RÃƒÂ©veil 
0.04529217114802622,-0.14793816648423483,Monica Bellucci
-0.2908012397557107,-0.017191913346991043,Monique Coleman 
-0.08004936951997342,-0.06590428685592932,Monk
0.3945438597718347,0.35884981125949034,Monkey D. Luffy (manga one piece)
0.1527689157930016,0.27245860216341017,Monokuma (ours mÃƒÂ©canique manga japonais Danganronpa)
-0.06987615752952726,0.1600015413216531,Monsieur Non
0.48883201045820524,0.14265776132324592,Monsieur Oui
0.001500606673873831,-0.042397533470611835,Montgomery
-0.012852854047512378,-0.1783808884164905,Morgan Freeman (acteur amÃƒÂ©ricain)
-0.0331323137857739,0.25480431365995865,Moriarty (ennemi de sherlock Holmes)
-0.2908012397557107,-0.017191913346991043,Morty 
0.019622189652213823,-0.14700657231713635,moudi
-0.2908012397557107,-0.017191913346991043,Mouk 
0.14088346721444042,0.24143961925596757,Mr Bean
-0.06642899884775261,0.19946715286938624,Mr Burns
-0.2908012397557107,-0.017191913346991043,Mr Kinder Surprise 
-0.053790499424715185,-0.11666166497301135,Mr. Cogan
-0.024986444599504217,-0.07521703920577262,Mr.Kalashnikov
0.03221513679029346,0.21251279501165404,Mr.Propre (personnage de publicitÃƒÂ©)
-0.10479148087057136,0.24749953921906948,MÃƒÂ» (manga: Saint Seiya) 
-0.2908012397557107,-0.017191913346991043,Myron Bolitar 
-0.06319113284188232,0.23184733858238207,MystÃƒÂ©rion 
-0.005006399670043767,-0.13889564858446116,Naaman (chanteur)
0.579087429160323,0.043535696658536564,Nabilla
-0.03348499210303504,-0.0890762045948638,Nairo Alexander Quintana Rojas (cycliste colombien)
-0.13039393320316103,0.19559501265308546,Nanatsu (Made in abyss)
0.6215600099757381,0.13934336535412403,Napoleon Bonaparte 
-0.05798513869104551,-0.1596047064096351,NapolÃƒÂ©on III 
0.3882635285876637,0.3055288974708741,Naruto 
0.02056818397814723,0.18885788384837068,Nathan drake (Personnage principal de la sÃƒÂ©rie de jeu "Uncharted")
0.046217983412260584,0.3244678799319492,Natsu (Fairy Tail)
0.18233630456047265,0.29352272592195056,Ned Stark 
0.22019508739145396,-0.15110933565576393,Neil Armstrong (astronaute amÃƒÂ©ricain)
0.13847315454530426,-0.19634945753463603,Nekfeu
0.3456098632858038,-0.10229840252826704,Nelson Mandela
0.002108390152786471,-0.17312354486472092,Nelson Monfort
-0.17268400435178263,0.10599273608431428,Nemesis( dÃƒÂ©esse grecque de la vengeance)
-0.08017852016869949,0.266109156491217,NÃƒÂ©o (The Matrix)
-0.0159627578798845,-0.10795644581135096,NÃƒÂ©ron
-0.08901034324320892,0.24928441541246826,Neville Londubat
0.36083022442759016,-0.059314066291668334,Neymar da Silva Santos JÃƒÂºnior (joueur de foot)
-0.2908012397557107,-0.017191913346991043,Nibi / Matatabi 
-0.2908012397557107,-0.017191913346991043,Nico Robin 
0.007695879192944136,-0.20886323657454733,Nicolas Canteloup
-0.041956867808206615,-0.1240127815791671,Nicolas Copernic
0.22358748353218774,-0.1663611093665676,Nicolas Cormerais
0.19516331588668454,-0.24652279490838158,Nicolas Hulot
0.5911173543580139,-0.013576068411937349,Nicolas Sarkozy
-0.02425892096998043,-0.16910333960562987,Niels Bohr
-0.00488581990835591,-0.13678728476411428,Nietzsche
-0.023766850644711186,-0.08224064390099418,Nietzsche (philosophe allemand)
-0.2908012397557107,-0.017191913346991043,Niki Lauda 
0.32054603510777974,-0.08746887039296246,Nikola Tesla
0.36613251906517985,-0.08819954041515288,Nikolas Karabatic
0.17003038573210963,-0.22701299333193664,Nikos 
-0.2908012397557107,-0.017191913346991043,nils bjurman 
-0.2833629664073933,-0.015521090588299782,Nishikino Maki 
0.017354350041834415,-0.16344728061566324,Nobuo Uematsu
-0.07943891706188717,0.20641695630598778,NoÃƒÂ«l 
-0.04094277191070933,0.17962503065103758,NoÃƒÂ«l Flantier (film OSS117)
0.12002478822541167,-0.1447466744731786,NoÃƒÂ«l MamÃƒÂ¨re
0.21932823673235036,0.22185987733464507,Non
-0.09898782431148874,0.1695938524333899,Nono (Robot dans Ulysse 31)
0.12801952444636383,0.3698469030534751,Norbert Dragonneau (Les Animaux Fantastiques)
0.0008529108751115537,-0.19786462095412533,Norman
-0.2908012397557107,-0.017191913346991043,Noru-Da 
-0.001839919908480882,-0.10401721222946239,Novak Djokovic
-0.2908012397557107,-0.017191913346991043,Nuage 
-0.2908012397557107,-0.017191913346991043,Nungan 
-0.11259169650440876,0.19486307628958136,Nymphadora Tonks (HP)
0.3642037608392668,0.3248425080947094,Obelix
0.4628080559398159,0.3417973731293167,Obi-wan Kenobi
-0.2908012397557107,-0.017191913346991043,Obscur Hamster 
-0.10136673676819193,-0.035567892434004066,Oda Nobunaga (perso historique japonais)
-0.1303333694220999,0.2383136733674724,Odin (dieu scandinave)
-0.2721530619805656,-0.01322889428899233,Oeil de faucon 
0.010994007471138417,0.22143922441634628,Oggy (dessin animÃƒÂ©)
-0.2908012397557107,-0.017191913346991043,okoto 
-0.1149120384377589,0.23763668775272895,Oksa Pollock (hÃƒÂ©roine de livres fantastiques)
-0.0733107158528386,0.20069002766341956,Olaf (la reine des neiges)
-0.05765103260326421,0.14774304429457402,Oliver Queen
-0.2908012397557107,-0.017191913346991043,olivia oggy et les cafards 
-0.2823594952598335,-0.015996539692711087,Olivier Atton/Oozora Tsubasa (Olive et Tom/Captain Tsubasa)  
-0.0006195763635670931,-0.20799619676769615,Olivier de Carglass
0.22268147484497158,-0.14433005831005633,Olivier Giroud
0.1560643455588367,-0.20340185705457856,omar sy
-0.2908012397557107,-0.017191913346991043,one direction Niall 
-0.03997055503471775,-0.15205746671881518,Orelsan
-0.12472530010191896,0.17564659668767035,OSIRIS
0.30237069789198556,0.37035612313846056,Oui-oui
0.11156231328030765,-0.11885537295518678,ousmane dembele
0.21093913229013536,-0.15452412046572941,Oussama Ben Laden 
-0.032780449927150804,-0.11667454326888352,Pablo Escobar (trafiquant colombien de cocaine) 
0.2611997168463463,-0.16982161333263376,Pablo Picasso (peintre)
-0.2908012397557107,-0.017191913346991043,Pain Rikudo 
-0.2908012397557107,-0.017191913346991043,PaKo 
-0.03014077536896296,-0.14134491640755587,Pamela Anderson (Actrice)
-0.00012381979707956191,-0.22375557552759276,Papa  
0.14424969429192697,-0.20258093470694533,Pape FranÃƒÂ§ois (Pape)
-0.2706523141635069,-0.013805202129612176,Paper Mario 
0.5435688681705849,-0.05057099633723886,Pascal Garcia (enseignant INSA)
-0.009691926713522595,-0.08813934301928787,Passe-partout
-0.2908012397557107,-0.017191913346991043,Patoune (Patricia Calas) 
-0.003999181709981444,-0.21710961406928828,Patrice Daniello
0.004970810836134664,-0.17077125092395012,Patrice Talon
0.01602564421456276,-0.17259244878279148,Patrick Balkany (politique franÃƒÂ§ais)
0.05646517541783118,-0.18205919610782312,Patrick Cohen (journaliste franÃƒÂ§ais)
0.02561990440758205,-0.21605236496988586,Patrick Fiori
-0.05066688545224206,0.1639497733615259,Patrick Jane (personnage de Mentalist)
-0.09587615397623774,0.11731334501633303,Patrick l'ÃƒÂ©toile de mer (personnage de la sÃƒÂ©rie Bob l'ÃƒÂ©ponge)
0.17319825894517837,-0.2123403351165636,Patrick Sebastien
-0.2764747271589735,-0.013051977408156834,patronus de harry potter 
-0.020078110720306776,-0.1704563766878944,Paul McCartney (chanteur)
-0.001272916788621833,-0.14632529754405912,Paul Pogba (footballeur)
-0.031301432554431734,-0.18904625361345334,Paul Queva (ÃƒÂ©tudiant INSA)
0.011656161203334273,-0.1220929473685699,Paul Taylor
-0.2908012397557107,-0.017191913346991043,Pauline Marois 
-0.09987869099065096,0.21776450426490604,Peach
-0.04824472368107888,-0.15209881697123576,Pedesseau (Prof)
-0.2908012397557107,-0.017191913346991043,PÃƒÂ©gase 
-0.2908012397557107,-0.017191913346991043,Peggy Camp Rock 
-0.04524940675796093,-0.09885636822260493,Peggy Cellier
-0.03081275073645828,-0.1832519952364527,PelÃƒÂ© le joueur de foot
-0.06479352584651625,-0.04637628725240113,PÃƒÂ©pin le Bref (pÃƒÂ¨re de Charlemagne)
0.00990083804586763,0.23295180842800967,Percy Jackson (hÃƒÂ©ros d'un roman)
0.022076243539570713,0.2724535502733287,PÃƒÂ¨re Noel 
0.30726690228686965,0.18150996359662344,Personne 
0.12118666126693149,0.3094140558150639,Peter Pan 
-0.2835811314400159,-0.015573116512392004,Petite cousine 
0.16489245812916553,-0.17918146285114253,Petite Soeur
0.21733998481200795,-0.17621981245909973,Pewdiepie
0.004480769728357922,-0.20101059546875708,Philippe Katerine
0.01491013098414001,-0.21637395671582543,philippe starck
-0.00541224019132033,-0.20534007955022818,Phillipe Poutou
0.19625393032142963,0.2717541542536296,Picsou
-0.019470631120604077,-0.1822499693812447,Pierre Croce (youtuber)
-0.018908393416709406,-0.17108338159532846,Pierre Curie (Physicien franÃƒÂ§ais)
-0.0024712477027400413,-0.10198455950519895,Pierre de Fermat
0.5616982545945269,0.22254106366773127,Pikachu (personnage de manga)
0.2691732989895601,0.33154053603538813,Pinocchio (pantin en bois vivant)
-0.2908012397557107,-0.017191913346991043,Piscine Molitor Patel 
0.1739029462977565,-0.1393642372801927,Planck
0.046449992559831746,-0.11447515833086273,Platon (philosophe antique grec)
-0.2908012397557107,-0.017191913346991043,Plume de Jais 
-0.09342991780131617,0.20018406764271893,Plutot
-0.0527508378201152,-0.1264748397095662,Polnareff
-0.14187185065267816,0.17575743905844815,popeye
-0.0010893572231547622,0.2869821376163964,PosÃƒÂ©ÃƒÂ¯don 
-0.005081386867139542,-0.2214215927163733,PPDA
0.11985155747212713,-0.0512465349238805,Prince
-0.2908012397557107,-0.017191913346991043,Prince TÃƒÂ©dibert 
-0.0935276584227158,0.23883200553266012,Princesse Fiona (dessin animÃƒÂ© Shrek)
0.21158768975933157,0.3299426571768525,Princesse Leia 
-0.12154447522449546,0.24029541604773225,Princesse mononoke
-0.0568792224838236,0.19548039113470722,Princesse Raiponce 
-0.2908012397557107,-0.017191913346991043,Princesse Shirahoshi 
-0.014175809013560671,-0.2252814260724048,prof d info
-0.09646793499258875,0.168479717171702,Professeur Layton (jeu vidÃƒÂ©o d'ÃƒÂ©nigmes)
0.3262855822036439,-0.08273194057828852,Pythagore
-0.07433402774846747,-0.014603924044617465,queen
-0.2908012397557107,-0.017191913346991043,Quelqu'un qui passe toute les questions
-0.028142455519171865,-0.1668046906983746,Quentin Tarantino
0.11541356218945374,0.24621535337713224,R2-D2 
-0.28398612380137234,-0.015618268130719027,R4-p17 
-0.2908012397557107,-0.017191913346991043,Rachel Zane 
0.5103033256442002,-0.021400826540102592,Rafael Nadal
0.26920723983477984,0.2617057590853028,Ragnar Lothbrok (sÃƒÂ©rie TV: Viking)
-0.001946864916746989,-0.10052028958481928,Ramanujan
-0.2908012397557107,-0.017191913346991043,RamsÃƒÂ¨s 1er 
-0.1128821587777142,0.1579416320754517,Rantanplan 
-0.10460927139661637,0.23102858109622154,Raoh (manga ken le survivant)
0.1262566757354431,-0.14583490068856467,RaphaÃƒÂ«l Varane
-0.26439327959605624,-0.006940661102399717,raptou 
0.26719737862574505,-0.017043873413805363,Raspoutine
-0.03590839204259508,0.1522319220910917,Rastapopoulos
-0.2823594952598335,-0.015996539692711087,ratatouille 
-0.2908012397557107,-0.017191913346991043,Raven Queen 
0.06272079133033909,0.3024975976415278,Rayman
-0.07575902836976814,0.1118450128416352,raymond reddington(sÃƒÂ©rie BLacklist)
-0.2833629664073933,-0.015521090588299782,Reimu Hakurei
0.46628354100711344,-0.10439727665631868,Reine Elizabeth
-0.10825842782288123,0.2072843076726114,Reisen (Touhou)
0.00414232340291529,-0.2145358227373516,RÃƒÂ©mi Gaillard
0.38047484701224743,-0.015438167255610105,Renaud
-0.007875449408691768,-0.1888966099763802,Renaud Lavillenie (perchiste)
-0.04530388588766844,-0.14919680816413003,RenÃƒÂ© Coty
0.0972405964898507,-0.17491130726477405,RenÃƒÂ© Coty (PrÃƒÂ©sident un grand homme il marquera l'histoire)
0.38387835564145695,-0.11379420785714132,RenÃƒÂ© Descartes
-0.03569906519721702,-0.08818006958883841,repondre oui puis non 
0.04503123860593675,-0.14148681907445157,Richard Dean Anderson
-0.002954621431328837,-0.14661103728823371,Richard Gasquet
0.015097409059800542,-0.24569787930535308,Richard Stallman
0.017721361028224178,-0.19181094656574668,Richard Virenque
-0.07578539675255902,-0.09676121051570741,Richelieu
-0.09691432092047816,0.26408101388047306,Richter Belmont (Castlevania)
-0.05088309857086477,-0.18293363849992056,Rick Astley
0.18647727414679427,0.28040163668223395,Rick Grimms (walking dead)
0.003023275460136271,-0.1933175498342345,Rick Riordan (ÃƒÂ©crivain amÃƒÂ©ricain)
-0.09786873400521906,0.13888142160188535,Rien
0.3232200754726442,-0.12113830321097527,Rihanna (chanteuse barbadienne)
-0.11245875552334259,0.1668988256112914,riki
-0.06337805821199821,0.23611487367713024,Rin Kaenbyou
-0.27481350110880065,0.01604190867491015,Riri Fifi et Loulou 
-0.07953963512558221,0.25860151633879874,Riven (jpersonnage de jeu vidÃƒÂ©o)
-0.01174738765232856,-0.20619807337934487,Rob Hopkins (enseignant ern permaculture brittanique)
-0.2908012397557107,-0.017191913346991043,Robert Faurisson
-0.012513722313993815,-0.15974753885867693,Robert Menes
-0.04644382597024598,-0.03639673019671711,Robert Oppenheimer
-0.09112718695998136,0.19673317858520223,Robin des bois
-0.00029552765787666793,-0.18994396168590358,Robinet
0.19954740181725927,-0.10798865126987081,Rocco Siffredi
-0.2833371057426678,-0.014412724929966828,Rock Lee 
0.22670888099663622,0.27004034087470635,Rocky Balboa
0.5744859577689067,0.007804440600494272,Roger Federer
-0.021866875402557592,-0.15201155102636194,roi du Maroc
-0.2908012397557107,-0.017191913346991043,Rokubi 
-0.022774243824122034,-0.12821137722017137,Romain Grosjean
0.11133332531821032,-0.21742372504473886,Romain Hu (ÃƒÂ©tudiant INSA)
0.33494381318859756,-0.1716357279804925,Romain Laigo (ÃƒÂ©tudiant INSA)
0.026984926313650036,-0.14008641381674158,Roman Abramovitch
-0.01104575445968231,-0.18965002672776737,RomÃƒÂ©o Elvis (rappeur)
0.25586415512372435,0.3714572808009431,Ron Waesley
0.06634983396617616,-0.18563103829943256,Ronaldo
0.09508399683884816,0.29631704965980044,Roronoa Zoro (manga one piece)
0.036190228242105736,-0.22700841184197154,Roselyne Bachelot
0.13860768527214867,-0.16825982415061536,Ryan Gosling
-0.2908012397557107,-0.017191913346991043,Ryan Sheckler 
0.13502052695276467,0.34032596721947883,Ryu
-0.2908012397557107,-0.017191913346991043,Sabor 
-0.024110229477223216,-0.18428061309973381,Sabrina (chanteuse de Boys boys boys)
-0.07860424343103992,0.1386670098161322,Sacamin
0.33987640581454576,0.33546024848316564,Sacha (pokÃƒÂ©mon)
0.19380658506523019,0.3240010444923381,Saitama (Manga : One Punch Man)
-0.10777928716685471,0.21088667273395356,Sakura (manga Naruto)
-0.2823594952598335,-0.015996539692711087,Sakurai Tomoki 
-0.2888014058104665,-0.016695981289144714,SalamÃƒÂ¨che (PokÃƒÂ©mon)
-0.010181003573205177,-0.12920891180088276,Salvador DalÃƒÂ­ (peintre espagnol)
-0.00972139672307779,-0.11849309549139239,Samir Ait Said
-0.039424833316005395,-0.1135531470158691,Samir Nasri
-0.09583404534367179,0.20084831980611556,Saphira (Eragon)
-0.01223311017581198,-0.039325440156328335,SARDA GARRIGA
-0.009149114061625682,-0.11926468079456676,Sardoche (Streamer)
0.00849400016219451,-0.13884155533516268,Sasha Grey
-0.2908012397557107,-0.017191913346991043,Sasuke Susano 
-0.2908012397557107,-0.017191913346991043,Saule 
-0.28929491722080997,-0.016847261219332853,Savage Opress  
-0.2838137459618528,-0.01596144415865941,Sawako Kuronuma 
-0.2908012397557107,-0.017191913346991043,Sayaka Maizono 
-0.28364287151269935,-0.014655784700803386,Sazuke Ushiwa
0.22899166729363757,0.23603804243074422,Schtroumpf
0.30707090761279726,0.30434422864327726,scooby-doo
-0.2908012397557107,-0.017191913346991043,Scott le con 
0.1866022936293577,-0.16474877589668682,Sebastien Chabal
-0.02436157115118598,-0.175317183998501,SÃƒÂ©bastien Loeb (pilote de rallye franÃƒÂ§ais)
0.3108862119164416,-0.2507604287370536,SÃƒÂ©golÃƒÂ¨ne Royal
-0.10636596109127253,0.23643368989994037,Seiya (manga: chevalier du zodiaque)
-0.04045183829513511,-0.1084050103205978,Senamo (la smala)
-0.11699570512641115,0.14668214624655102,Sentenza la brute (film: le bon la brute et le truand)
-0.030222010594787754,0.13371027264854082,Serena Van Der Woodsen (sÃƒÂ©rie TV:  Gossip Girl)
-0.05362560721157064,-0.12229439799926453,Serena Williams (tenniswoman amÃƒÂ©ricaine)
-0.2908012397557107,-0.017191913346991043,Serge Manesenkow 
0.026638250595174648,-0.158237113895846,Serj Tankian (chanteur)
-0.2908012397557107,-0.017191913346991043,Shae Vizla 
-0.01601612673027975,-0.10851237002168417,Shahrukh Khan (Acteur Bollywoodien)
0.25960995838692774,-0.18779034313292162,Shakira 
-0.01584831117487923,-0.16379924721999123,Shawn Mendes
-0.07251045666021266,0.15583169673187033,Sheldon
-0.08020870396634183,0.21199048065638745,sheldon Cooper (The Big Band Theory)
0.006914118231611949,-0.15560277924268381,Shella (chanteuse)
0.0009203772594334036,0.3082764459723073,Shen (personnage du jeu League of Legend)
-0.12493201932305424,0.228115654491171,Shepard
0.40985750251435277,0.28979894082913493,Sherlock Holmes
-0.023541887723163245,-0.10116089419890248,Sheryl Sandberg
-0.09138932945805373,0.26087251461331845,Shifu (manga: kung fu panda)
-0.07618242496329165,0.17194231330693607,Shikamaru Nara (naruto)
-0.11933435491531863,0.18607051133260888,Shin Kuroi (perso de jeu vidÃƒÂ©o)
-0.1424325353099063,0.1728080482954864,Shinji (personnage de Evangelion)
-0.07234514195094582,0.25444224854514025,Shiro (de deadman wonderland)
0.26163407346341355,0.34699351111789384,Shrek
-0.10734545865635846,0.2510745485887067,Shulk
-0.012292794509941515,-0.19717743109215374,Shy'm (chanteuse francaise)
0.12531624638606237,0.22802819526764767,Simba
0.009847940712308776,-0.16195964376443145,Simone Arianne Biles (gymnaste amÃƒÂ©ricaine)
0.0987637285809851,-0.08176709639487337,Simone de Beauvoir (Auteure)
0.4033070391863783,-0.10996292369912877,Simone Veil (militante pour l'avortement)
-0.2908012397557107,-0.017191913346991043,Sindibad 
-0.011111468288500072,-0.13175782745303702,Siphano (Youtubeur)
-0.2908012397557107,-0.017191913346991043,Skelerex 
0.031582848392069866,-0.19748888539908432,Slash (guitariste)
0.07864592340157939,0.3538671612369698,Snake (Metal Gear Solid)
-0.0666293551084279,0.20591419790191767,Snoopy
0.14679673419623496,-0.11468602484646048,Socrate
0.5749536703328311,0.28445645776101175,Son Goku (manga: dragon ball)
-0.2908012397557107,-0.017191913346991043,Sonia Gothik 
0.4841114324781377,0.27871966442291124,Sonic 
-0.2908012397557107,-0.017191913346991043,Sophie 
-0.2908012397557107,-0.017191913346991043,Soufiane Msalek 
-0.2908012397557107,-0.017191913346991043,Spider-Cochon 
0.3476211098010388,0.30202838932318593,Spider-man 
-0.047208175703359785,-0.10625055957595612,Spinoza (philosophe)
0.08968006720350308,0.2521666359097462,Spirou
-0.11694128456449276,0.25897078475484664,Spoke
0.031225772362783188,0.2794013949440434,sponge bob
-0.026617206322788446,0.23068711457942595,Squall Leonhart (jeu vidÃƒÂ©o Final fantaisie)
0.5197688527692962,-0.027841126847055826,Squeezie
0.009818086565918482,0.11567072662875601,Squirtle (carapuce dans manga pokemon)
0.22222665489456236,-0.1720155577744989,Stan Lee
-0.11155119939245314,0.22251203226211358,Stannis Baratheon
-0.025015466118025666,-0.11575581923291078,Stefan Zweig (ÃƒÂ©crivain autrichien)
0.033513247188396926,-0.18751681510192791,StÃƒÂ©phanie De Monaco
0.2755689992127186,-0.1555537043470424,Stephen Awking
0.4137091638177438,-0.02023149311697886,stephen curry
0.5296082282040895,-0.011176568864946754,Steve Jobs
-0.07642672751835099,0.19768842094705863,Steve Stiffler (american pie films)
0.002064957826116262,-0.16064170973747238,Stevie Wonder
0.022593693930097677,-0.194684915546204,Sting (musicien britannique)
0.022345024073066988,0.2830098568688724,Stitch (personnage Disney)
-0.0018953781321782407,-0.19267944976430929,Stromae
-0.1069903438451238,0.2571683843347294,Supergirl 
0.4429523951823273,0.3310964950317267,Superman 
-0.12609094656221662,0.17342993521106195,Supreme Leader Snoke (Personnage de star wars)
0.11682552562440231,-0.18207051902106497,Sylvain Duriff
0.22870398243354165,-0.04283001808665528,Sylvester Stallone
-0.061730565073186146,-0.12586399091027062,Sylvia Kersusan (professeur italien francais anglais)
-0.2908012397557107,-0.017191913346991043,Ta compagne 
-0.2844000006312947,-0.016423829493927573,Ta cousine 
-0.2908012397557107,-0.017191913346991043,Ta demi-soeur 
0.5058637613257553,-0.03256033490518985,Ta mÃƒÂ¨re !
-0.2908012397557107,-0.017191913346991043,Ta soeur siamoise 
-0.2908012397557107,-0.017191913346991043,Talbot  
-0.2908012397557107,-0.017191913346991043,Tamim 
0.0027959525656289083,-0.21596005431214432,Tangi Tassin
-0.2908012397557107,-0.017191913346991043,Tante Phl?bite 
-0.09659845958376882,0.23945329721340383,Tara Duncan (Livre ÃƒÂ©ponyme)
-0.010662989021537981,-0.19729661956719574,Tarik Ramadam (islamologue)
0.0708350000428109,0.23840013678190958,Tarzan 
-0.2908012397557107,-0.017191913346991043,Taylor Lautner 
-0.010081163619187471,-0.1772421633640164,Taylor Swift (chanteuse american)
-0.057196546856710134,0.22508336953433292,Tchoupi (personnage de tchoupi)
-0.1121079882703913,0.16662155878559656,teal'c
0.4542605811874561,-0.038352888612602984,Teddy Riner (champion du monde de judo)
0.1594536407707178,0.27080874577349195,Teemo
-0.11990097330713126,0.24282158650160351,Terminator
-0.005968689599391873,-0.09946125999450575,Terry Pratchett
-0.2908012397557107,-0.017191913346991043,Teru Mikami 
-0.2908012397557107,-0.017191913346991043,Thatcher Joe 
0.18343327491188313,0.32005652343961133,The Flash
-0.06122394741779198,0.15123802415133314,The Punisher
-0.017820217200990855,-0.18298109588310163,TheMissAddict
0.1299557190761256,-0.163888749326662,ThÃƒÂ©o Walcott
-0.14510111774311577,0.1677472117735035,theon greyjoy
0.08765980778541986,-0.21170672452913347,Thierry Merle
-0.05486855792149202,-0.1369859520014822,Thierry Omeyer (handballeur franÃƒÂ§ais)
-0.2908012397557107,-0.017191913346991043,Thomas Colton Padalecki 
0.09530134590056713,-0.18769106473113878,Thomas Edison (inventeur amÃƒÂ©ricain)
0.14277142260520276,-0.24871115947156214,Thomas Pesquet (spationaute)
0.004723623154788395,-0.13737763500415395,Thomas Porcher (ÃƒÂ©conomiste)
0.16315950808312168,-0.22024272838075903,thomas voeckler
0.042243289820099034,0.22643289741704442,Thor 
0.2888178997760324,-0.06815729531538374,Tiger Woods
-0.05794742022042088,-0.1622437281041933,Tim Berners-Lee
0.6106285253263597,0.25556331112499064,Tintin (personnage de BD)
-0.09511239804549118,0.14943280424370756,Titi
-0.02742171816351772,-0.11292436072903067,Titouan (ÃƒÂ©tudiant charo)
-0.10368894570654083,0.18486744398480415,Toby (personnage de Harry potter)
-0.2834376095155263,-0.01601059268776814,Todd le Wraith 
-0.04727256333476113,-0.1141563224562928,Toi(joueur)
-0.09999333055320432,0.21505776439111357,Toki (frÃƒÂ¨re de Ken le survivant)
-0.034866308409689156,-0.14308929411014956,Tom Brady (joueur de foot amÃƒÂ©ricain)
0.0023726878043844094,-0.19281028600954953,Tom Cruise (acteur amÃƒÂ©ricain)
-0.0359849880804856,-0.17656369556896961,Tom Hanks (acteur amÃƒÂ©ricain)
0.25495207986349006,0.2305438406929843,Tom Shelby (Peaky Blinders)
0.03665814439404058,-0.18417579726564892,Tommy Tallarico
0.22963278021689792,-0.16723250825733024,Tommy Wiseau (acteur)
-0.2908012397557107,-0.017191913346991043,Tomoharu Natsume 
-0.2835811314400159,-0.015573116512392004,Ton chinchilla 
-0.2908012397557107,-0.017191913346991043,Ton cousin par alliance
-0.2908012397557107,-0.017191913346991043,Ton mÃƒÂ©decin 
0.2770641481639195,-0.16487306994304285,ton papa!
-0.2908012397557107,-0.017191913346991043,Ton petit ami 
-0.2908012397557107,-0.017191913346991043,Tonnerre 
0.028596986747331965,-0.12342872247773191,TONY ESTANGUET
0.50724068598343,-0.01759403420037701,Tony Parker
0.012743712051771099,-0.2088573096144276,Torlk
-0.047947910442901635,-0.11052676921219665,torlk (streamer jeux video)
0.051891292816612006,0.21909178838127935,Totoro 
-0.006257806341167052,-0.12605901608962117,ToumaÃƒÂ¯
-0.07483999982064188,0.2394859308249069,Tracer (Overwatch)
-0.04293596027142655,-0.15174104251167642,Travis Pastrana (pilote amÃƒÂ©ricain)
-0.034395009907224224,-0.17773767128314918,Tristan Hardy (ÃƒÂ©tudiant INSA)
-0.2908012397557107,-0.017191913346991043,Trololol 
-0.09123152981220245,0.23000537948496513,Tryphon Tournesol
-0.03827232892060618,0.2769136429706499,Tuco (western: le bon la brute et le truand)
-0.042954553699142396,0.18741947862725508,Tyler Durden (perso du film fight club)[
0.2602961433858412,0.37936386608381967,Tyrion Lannister
-0.13769457428042295,0.10969922434237504,Ulysse
-0.10517681500016476,0.20070756915427754,ulysse 31 (dessin animÃƒÂ©)
0.2734015841630381,-0.08190015284838056,un astronaute
-0.016014775748327777,-0.2072953527200471,Un canard
0.5274784626839193,0.22169469004032002,Un con qui s'amuse ÃƒÂ  cliquer que sur non
-0.07498470319322853,0.13056146715433659,un dragon
-0.2908012397557107,-0.017191913346991043,Un fantÃƒÂ´me 
-0.2908012397557107,-0.017191913346991043,un jouet 
-0.052994904047020265,-0.1228372906222847,Un lama
-0.100236190754651,0.07486311723991912,Un lama bleu
0.2813791274173325,-0.12189493263206119,Un lapin
-0.2908012397557107,-0.017191913346991043,Un marcassin 
-0.2908012397557107,-0.017191913346991043,Un Minion 
-0.07377937450172632,-0.15733080306785632,Un oiseau
-0.2908012397557107,-0.017191913346991043,Un orc 
-0.2908012397557107,-0.017191913346991043,UN PETIT MALIN QUI CLIQUE SUR TOUT! 
0.006263387362283551,-0.18238912598992316,Un rossignol
-0.2908012397557107,-0.017191913346991043,Un singe
-0.11805513380056534,0.12078142018060709,Un zombie 
-0.2908012397557107,-0.017191913346991043,Un zombie ou mort-vivant  
-0.2908012397557107,-0.017191913346991043,Une cacahuÃƒÂ¨te
-0.26439327959605624,-0.006940661102399717,Une fille dont tu es amoureux 
-0.2908012397557107,-0.017191913346991043,Une fille que vous avez aimÃƒÂ© sans retour 
-0.28929491722080997,-0.016847261219332853,Une termite 
-0.2880806790854008,-0.016563201543000207,Urahara Kisuke 
0.5760225761835471,0.08345273851517095,Usain Bolt
-0.27481350110880065,0.01604190867491015,Utau Hoshina / Utau Tsukiyomi 
0.062122581027479334,0.27460331090220963,Utsuho Reiuji
0.30330857154658053,-0.1795454634180445,Vald (rapeur)
-0.059611099110237875,0.2484016338446164,Vayne
0.010004758293588724,-0.11337540964010323,Vegedream
-0.09992347951631798,0.1746577464920146,Vegeta (DBZ)
0.11417361966645283,0.2648994989810103,VÃƒÂ©gÃƒÂ©ta (manga: dragon ball)
-0.2867980968793003,-0.01629385601956953,VÃƒÂ©gÃƒÂ©to (manga: dragon ball)
0.19225548072708062,-0.10482287670161726,vercingÃƒÂ©torix
-0.023623948093549167,-0.18567305362578443,Vianney (chanteur)
0.5695677871010567,-0.04145385406922855,Victor Hugo
-0.28929491722080997,-0.016847261219332853,Vincent Claude 
-0.0794305478876013,0.17787588017443362,Vlad III (roi de transylvanie)
0.5392819141899158,-0.009149044601105834,Vladimir Poutine
-0.0070040654305976715,0.29947470842856855,Voldemort (personnage d'Harry Potter)
-0.10274976985059794,0.15486109438750342,Wall-E
-0.03265082463559204,-0.1128575847917208,Walt Disney
0.3852670739070474,0.15808437771744727,Walter White (Personnage de Breaking Bad)
-0.2908012397557107,-0.017191913346991043,Watt Tambor 
-0.2908012397557107,-0.017191913346991043,Wayne Gretzky 
-0.2908012397557107,-0.017191913346991043,White Len (jeu vidÃƒÂ©o:Melty Blood)
0.3264522190401609,-0.11339742463146395,Will Smith
-0.2890645448664663,-0.01681083017446843,William Blaskowicz 
0.1303680163898374,-0.06030263607013756,William Shakespeare
-0.2908012397557107,-0.017191913346991043,Willow Ufgood 
0.2737172570062325,0.20611701987693806,Winnie l'ourson (personnage de dessin animÃƒÂ©)
0.3104173532723742,-0.07783493085277228,Winston Churchill
0.25793680528037705,-0.09663776052033832,Wolfgang Amadeus Mozart (musicien)
-0.10942155102828435,0.22529137993751577,Wolverine (personnage des X-Men)
0.031157589024540487,0.29866025673173935,wonder woman
0.1689593458843861,-0.19364592174673775,Woodkid (chanteur-compositeur)
-0.12687518689330435,0.18904162474263222,woody woodpecker
-0.12753723948000983,0.2169488652181855,Wrex (Mass effect)
-0.11004774446093261,0.23203475751107402,XIII
0.17052313096476646,0.32984074951388564,Yagami Light (Personnage Principale de Death Note)
-0.10792313348698929,0.20338529938384425,Yandere-chan
0.012262341454126257,-0.23405616950034652,Yann Barthes (presentateur tÃƒÂ©lÃƒÂ©)
0.22402789129890158,-0.1963881200170962,Yann Ricquebourg (enseignant INSA Rennes)
0.43082694155690243,-0.1031331368026562,Yannick Noah
0.14171032763676633,-0.08303426244758909,Yngwie Malmsteen
-0.04328780021673972,-0.16897844528889208,Yoann Gourcuff
0.3332122552159754,0.2953741409318957,Yoda (Jedi de Star wars)
-0.09502180105141564,0.23733504017884668,Yoko Tsuno (perso bande dessinÃƒÂ©)
0.17262152115728316,0.2920398499691488,Yoshi
-0.10569456048542085,0.20810612438271053,Yugi Muto 
-0.09901949066088826,0.239031999065014,Yugo
-0.03508944686031144,-0.11522855562177968,Yukio Mishima (ÃƒÂ©crivain japonais)
-0.016662372625875013,-0.18125131515572337,Yves Montant (acteur)
-0.11366318484279755,0.2270233012345089,Zack Branigan
-0.2908012397557107,-0.017191913346991043,Zack Ryder 
0.10482145938374152,-0.12170085093575109,Zahia Dehar 
-0.04264928666452531,-0.1112055800599716,Zbigniew Gutkowski (skipper polonais)
-0.022304833560570708,0.2200690667020721,Zelda
0.020249200416136866,0.31903298926979895,Zelda(princesse)
0.28548437442619606,-0.18982833149534512,Zerator (streamer)
-0.09914681892036024,0.27551404982445127,Zero Kyriu (manga Vampire Knight)
0.362207358184418,0.27789412526122154,Zeus (dieu grec)
0.632390637861172,0.11756977400494252,Zinedine Zidane
0.37982844453577863,-0.04077085793134512,Zlatan Ibrahimovic
